img1,img2,labels
Antonio_Trillanes\Antonio_Trillanes_0002.jpg,Antonio_Trillanes\Antonio_Trillanes_0003.jpg,1
Katie_Boone\Katie_Boone_0001.jpg,Terri_Clark\Terri_Clark_0001.jpg,0
Mark_Mishkin\Mark_Mishkin_0001.jpg,Nick_Reilly\Nick_Reilly_0001.jpg,0
Reese_Witherspoon\Reese_Witherspoon_0001.jpg,Reese_Witherspoon\Reese_Witherspoon_0004.jpg,1
Augustin_Calleri\Augustin_Calleri_0001.jpg,Augustin_Calleri\Augustin_Calleri_0003.jpg,1
Michael_Linscott\Michael_Linscott_0001.jpg,Robin_Tunney\Robin_Tunney_0001.jpg,0
Tyler_Hamilton\Tyler_Hamilton_0001.jpg,Tyler_Hamilton\Tyler_Hamilton_0002.jpg,1
Sarah_Jessica_Parker\Sarah_Jessica_Parker_0005.jpg,Sarah_Jessica_Parker\Sarah_Jessica_Parker_0006.jpg,1
King_Abdullah_II\King_Abdullah_II_0002.jpg,King_Abdullah_II\King_Abdullah_II_0003.jpg,1
Maria_Callas\Maria_Callas_0001.jpg,Melchor_Cob_Castro\Melchor_Cob_Castro_0001.jpg,0
Nancy_Pelosi\Nancy_Pelosi_0006.jpg,Nancy_Pelosi\Nancy_Pelosi_0013.jpg,1
Natalie_Coughlin\Natalie_Coughlin_0003.jpg,Natalie_Coughlin\Natalie_Coughlin_0005.jpg,1
Gilberto_Rodriguez_Orejuela\Gilberto_Rodriguez_Orejuela_0001.jpg,Gilberto_Rodriguez_Orejuela\Gilberto_Rodriguez_Orejuela_0003.jpg,1
Chanda_Rubin\Chanda_Rubin_0002.jpg,Chanda_Rubin\Chanda_Rubin_0004.jpg,1
Manijeh_Hekmat\Manijeh_Hekmat_0001.jpg,Se_Hyuk_Joo\Se_Hyuk_Joo_0001.jpg,0
Larry_Coker\Larry_Coker_0002.jpg,Larry_Coker\Larry_Coker_0004.jpg,1
Aaron_Guiel\Aaron_Guiel_0001.jpg,Reese_Witherspoon\Reese_Witherspoon_0003.jpg,0
Kaoru_Hasuike\Kaoru_Hasuike_0001.jpg,Tom_Foy\Tom_Foy_0001.jpg,0
Oliver_Neuville\Oliver_Neuville_0001.jpg,Shawn_Marion\Shawn_Marion_0001.jpg,0
Jeanne_Anne_Schroeder\Jeanne_Anne_Schroeder_0001.jpg,Yoriko_Kawaguchi\Yoriko_Kawaguchi_0013.jpg,0
Al_Cardenas\Al_Cardenas_0001.jpg,Mary_Landrieu\Mary_Landrieu_0003.jpg,0
Masum_Turker\Masum_Turker_0001.jpg,Masum_Turker\Masum_Turker_0003.jpg,1
Donald_Keck\Donald_Keck_0001.jpg,Julia_Ormond\Julia_Ormond_0001.jpg,0
Candice_Bergen\Candice_Bergen_0001.jpg,Masum_Turker\Masum_Turker_0002.jpg,0
Abid_Hamid_Mahmud_Al-Tikriti\Abid_Hamid_Mahmud_Al-Tikriti_0001.jpg,Eli_Broad\Eli_Broad_0001.jpg,0
Robert_Horan\Robert_Horan_0001.jpg,Robert_Horan\Robert_Horan_0002.jpg,1
Begum_Khaleda_Zia\Begum_Khaleda_Zia_0001.jpg,Begum_Khaleda_Zia\Begum_Khaleda_Zia_0002.jpg,1
Greg_Kinnear\Greg_Kinnear_0001.jpg,Tim_Salmon\Tim_Salmon_0001.jpg,0
Norm_Coleman\Norm_Coleman_0002.jpg,Osmond_Smith\Osmond_Smith_0001.jpg,0
Rebecca_Romijn-Stamos\Rebecca_Romijn-Stamos_0002.jpg,Rebecca_Romijn-Stamos\Rebecca_Romijn-Stamos_0004.jpg,1
Arthur_Johnson\Arthur_Johnson_0001.jpg,Steve_Pagliuca\Steve_Pagliuca_0001.jpg,0
John_Garamendi\John_Garamendi_0001.jpg,John_Garamendi\John_Garamendi_0002.jpg,1
Dick_Armey\Dick_Armey_0001.jpg,Tom_Glavine\Tom_Glavine_0002.jpg,0
Kosuke_Kitajima\Kosuke_Kitajima_0002.jpg,Qazi_Hussain_Ahmed\Qazi_Hussain_Ahmed_0001.jpg,0
Dean_Sheremet\Dean_Sheremet_0001.jpg,Marc_Racicot\Marc_Racicot_0001.jpg,0
Rick_Pitino\Rick_Pitino_0001.jpg,Rick_Pitino\Rick_Pitino_0002.jpg,1
Sergey_Lavrov\Sergey_Lavrov_0001.jpg,Sergey_Lavrov\Sergey_Lavrov_0010.jpg,1
Mikhail_Youzhny\Mikhail_Youzhny_0001.jpg,Mikhail_Youzhny\Mikhail_Youzhny_0003.jpg,1
Casey_Crowder\Casey_Crowder_0001.jpg,Joe_Nichols\Joe_Nichols_0001.jpg,0
Rick_Perry\Rick_Perry_0001.jpg,Rick_Perry\Rick_Perry_0002.jpg,1
Claire_Danes\Claire_Danes_0001.jpg,Mitchell_Potter\Mitchell_Potter_0001.jpg,0
Chita_Rivera\Chita_Rivera_0002.jpg,Jose_Luis_Chilavert\Jose_Luis_Chilavert_0001.jpg,0
Phil_Jackson\Phil_Jackson_0001.jpg,Richard_Penniman\Richard_Penniman_0001.jpg,0
Elsa_Zylberstein\Elsa_Zylberstein_0001.jpg,Elsa_Zylberstein\Elsa_Zylberstein_0005.jpg,1
Fabiola_Zuluaga\Fabiola_Zuluaga_0001.jpg,Rose_Linkins\Rose_Linkins_0001.jpg,0
Sean_OKeefe\Sean_OKeefe_0004.jpg,Sean_OKeefe\Sean_OKeefe_0005.jpg,1
Paul_Martin\Paul_Martin_0003.jpg,Paul_Martin\Paul_Martin_0006.jpg,1
Khader_Rashid_Rahim\Khader_Rashid_Rahim_0001.jpg,Martha_Burk\Martha_Burk_0001.jpg,0
Jake_Gyllenhaal\Jake_Gyllenhaal_0002.jpg,Jake_Gyllenhaal\Jake_Gyllenhaal_0004.jpg,1
Jesse_Ventura\Jesse_Ventura_0001.jpg,Reggie_Lewis\Reggie_Lewis_0001.jpg,0
Mohamed_ElBaradei\Mohamed_ElBaradei_0005.jpg,Mohamed_ElBaradei\Mohamed_ElBaradei_0008.jpg,1
Mireya_Moscoso\Mireya_Moscoso_0001.jpg,Mireya_Moscoso\Mireya_Moscoso_0003.jpg,1
Babe_Ruth\Babe_Ruth_0001.jpg,Joshua_Perper\Joshua_Perper_0001.jpg,0
Paul_Kariya\Paul_Kariya_0001.jpg,Shannon_OBrien\Shannon_OBrien_0002.jpg,0
Amporn_Falise\Amporn_Falise_0001.jpg,Christiane_Wulff\Christiane_Wulff_0001.jpg,0
Anne_McLellan\Anne_McLellan_0002.jpg,Richard_Penniman\Richard_Penniman_0001.jpg,0
James_Kelly\James_Kelly_0004.jpg,James_Kelly\James_Kelly_0011.jpg,1
Isabelle_Huppert\Isabelle_Huppert_0001.jpg,Isabelle_Huppert\Isabelle_Huppert_0002.jpg,1
Daniele_Nardello\Daniele_Nardello_0001.jpg,Peter_Hartz\Peter_Hartz_0001.jpg,0
Will_Smith\Will_Smith_0001.jpg,Will_Smith\Will_Smith_0002.jpg,1
Daniel_Montgomery\Daniel_Montgomery_0001.jpg,Hassan_Wirajuda\Hassan_Wirajuda_0001.jpg,0
Todd_Haynes\Todd_Haynes_0001.jpg,Todd_Haynes\Todd_Haynes_0003.jpg,1
Cathy_Freeman\Cathy_Freeman_0001.jpg,Cathy_Freeman\Cathy_Freeman_0002.jpg,1
Claire_De_Gryse\Claire_De_Gryse_0001.jpg,Soenarno\Soenarno_0001.jpg,0
Annette_Lu\Annette_Lu_0001.jpg,Annette_Lu\Annette_Lu_0003.jpg,1
Iban_Mayo\Iban_Mayo_0002.jpg,Yves_Brodeur\Yves_Brodeur_0001.jpg,0
John_Walsh\John_Walsh_0002.jpg,Paul_Hogan\Paul_Hogan_0002.jpg,0
Jim_Hahn\Jim_Hahn_0004.jpg,Vicente_Fernandez\Vicente_Fernandez_0002.jpg,0
Mufti_Mohammad_Syed\Mufti_Mohammad_Syed_0001.jpg,Ralf_Schumacher\Ralf_Schumacher_0004.jpg,0
Gwendal_Peizerat\Gwendal_Peizerat_0001.jpg,Gwendal_Peizerat\Gwendal_Peizerat_0002.jpg,1
John_McCallum\John_McCallum_0001.jpg,Mark_Andrew\Mark_Andrew_0001.jpg,0
Gilberto_Rodriguez_Orejuela\Gilberto_Rodriguez_Orejuela_0003.jpg,Gilberto_Rodriguez_Orejuela\Gilberto_Rodriguez_Orejuela_0004.jpg,1
Patty_Sheehan\Patty_Sheehan_0001.jpg,William_Nessen\William_Nessen_0001.jpg,0
John_Garamendi\John_Garamendi_0002.jpg,Peter_Goldmark\Peter_Goldmark_0001.jpg,0
Gao_Qiang\Gao_Qiang_0001.jpg,Gao_Qiang\Gao_Qiang_0002.jpg,1
Hank_Aaron\Hank_Aaron_0001.jpg,Ron_Howard\Ron_Howard_0002.jpg,0
Denise_Johnson\Denise_Johnson_0001.jpg,Denise_Johnson\Denise_Johnson_0002.jpg,1
Sean_Patrick_OMalley\Sean_Patrick_OMalley_0002.jpg,Sean_Patrick_OMalley\Sean_Patrick_OMalley_0003.jpg,1
Jacques_Rogge\Jacques_Rogge_0004.jpg,Jacques_Rogge\Jacques_Rogge_0006.jpg,1
Paul_Hogan\Paul_Hogan_0001.jpg,Thomas_Watjen\Thomas_Watjen_0001.jpg,0
Ben_Cohen\Ben_Cohen_0001.jpg,Zach_Parise\Zach_Parise_0001.jpg,0
Tony_Shalhoub\Tony_Shalhoub_0001.jpg,Tony_Shalhoub\Tony_Shalhoub_0003.jpg,1
Julie_Gerberding\Julie_Gerberding_0007.jpg,Julie_Gerberding\Julie_Gerberding_0012.jpg,1
Andrei_Mikhnevich\Andrei_Mikhnevich_0001.jpg,Andrei_Mikhnevich\Andrei_Mikhnevich_0002.jpg,1
Janet_Chandler\Janet_Chandler_0001.jpg,Zoe_Ball\Zoe_Ball_0001.jpg,0
Antonio_Trillanes\Antonio_Trillanes_0001.jpg,Antonio_Trillanes\Antonio_Trillanes_0002.jpg,1
Al_Pacino\Al_Pacino_0001.jpg,Izzat_Ibrahim\Izzat_Ibrahim_0001.jpg,0
Aretha_Franklin\Aretha_Franklin_0001.jpg,Marc_Racicot\Marc_Racicot_0001.jpg,0
Natalie_Maines\Natalie_Maines_0002.jpg,Natalie_Maines\Natalie_Maines_0004.jpg,1
Tippi_Hedren\Tippi_Hedren_0001.jpg,Tippi_Hedren\Tippi_Hedren_0002.jpg,1
John_Bolton\John_Bolton_0004.jpg,John_Bolton\John_Bolton_0014.jpg,1
Ben_Affleck\Ben_Affleck_0002.jpg,Ben_Affleck\Ben_Affleck_0006.jpg,1
Betsy_Coffin\Betsy_Coffin_0001.jpg,Gerard_Tronche\Gerard_Tronche_0001.jpg,0
Ali_Naimi\Ali_Naimi_0008.jpg,Vanessa_Laine\Vanessa_Laine_0001.jpg,0
Mikulas_Dzurinda\Mikulas_Dzurinda_0002.jpg,Shirley_Jones\Shirley_Jones_0001.jpg,0
Gregory_Hines\Gregory_Hines_0001.jpg,Mary_Frances_Seiter\Mary_Frances_Seiter_0001.jpg,0
Lea_Fastow\Lea_Fastow_0001.jpg,Todd_Parrott\Todd_Parrott_0001.jpg,0
Charla_Moye\Charla_Moye_0001.jpg,Joe_Mantegna\Joe_Mantegna_0001.jpg,0
Surakait_Sathirathai\Surakait_Sathirathai_0001.jpg,Surakait_Sathirathai\Surakait_Sathirathai_0002.jpg,1
Tom_Cruise\Tom_Cruise_0002.jpg,Tom_Cruise\Tom_Cruise_0004.jpg,1
Mark_Mishkin\Mark_Mishkin_0001.jpg,Shawn_Marion\Shawn_Marion_0001.jpg,0
Judi_Dench\Judi_Dench_0001.jpg,Judi_Dench\Judi_Dench_0002.jpg,1
Darvis_Patton\Darvis_Patton_0001.jpg,Gordon_Lightfoot\Gordon_Lightfoot_0001.jpg,0
Jason_Clermont\Jason_Clermont_0001.jpg,Vladimir_Ustinov\Vladimir_Ustinov_0001.jpg,0
Marcelo_Rios\Marcelo_Rios_0004.jpg,Marcelo_Rios\Marcelo_Rios_0005.jpg,1
Johnny_Depp\Johnny_Depp_0002.jpg,Scott_Dickson\Scott_Dickson_0001.jpg,0
Darvis_Patton\Darvis_Patton_0001.jpg,Tammy_Lynn_Michaels\Tammy_Lynn_Michaels_0001.jpg,0
John_Lynch\John_Lynch_0001.jpg,Stefano_Gabbana\Stefano_Gabbana_0001.jpg,0
Laura_Elena_Harring\Laura_Elena_Harring_0001.jpg,Rowan_Williams\Rowan_Williams_0001.jpg,0
Jenna_Elfman\Jenna_Elfman_0001.jpg,Willie_Wilson\Willie_Wilson_0001.jpg,0
Amanda_Bynes\Amanda_Bynes_0001.jpg,Amanda_Bynes\Amanda_Bynes_0002.jpg,1
James_Smith\James_Smith_0001.jpg,James_Smith\James_Smith_0002.jpg,1
Gray_Davis\Gray_Davis_0006.jpg,Gray_Davis\Gray_Davis_0023.jpg,1
Bill_Frist\Bill_Frist_0002.jpg,Malcolm_Wild\Malcolm_Wild_0001.jpg,0
King_Abdullah_II\King_Abdullah_II_0001.jpg,King_Abdullah_II\King_Abdullah_II_0004.jpg,1
Jacques_Chirac\Jacques_Chirac_0030.jpg,Jacques_Chirac\Jacques_Chirac_0033.jpg,1
David_Braley\David_Braley_0001.jpg,Gerard_Tronche\Gerard_Tronche_0001.jpg,0
Nicanor_Duarte_Frutos\Nicanor_Duarte_Frutos_0008.jpg,Nicanor_Duarte_Frutos\Nicanor_Duarte_Frutos_0010.jpg,1
Alex_Penelas\Alex_Penelas_0001.jpg,Alex_Penelas\Alex_Penelas_0002.jpg,1
Augustin_Calleri\Augustin_Calleri_0004.jpg,Brad_Miller\Brad_Miller_0001.jpg,0
Kosuke_Kitajima\Kosuke_Kitajima_0001.jpg,Kosuke_Kitajima\Kosuke_Kitajima_0002.jpg,1
Amanda_Bynes\Amanda_Bynes_0003.jpg,Amanda_Bynes\Amanda_Bynes_0004.jpg,1
Alicia_Molik\Alicia_Molik_0001.jpg,Lena_Katina\Lena_Katina_0001.jpg,0
Elizabeth_Smart\Elizabeth_Smart_0001.jpg,Elizabeth_Smart\Elizabeth_Smart_0005.jpg,1
Sarah_Canale\Sarah_Canale_0001.jpg,Steven_Curtis_Chapman\Steven_Curtis_Chapman_0001.jpg,0
Edward_Seaga\Edward_Seaga_0001.jpg,Fatmir_Limaj\Fatmir_Limaj_0001.jpg,0
Gene_Robinson\Gene_Robinson_0002.jpg,Gene_Robinson\Gene_Robinson_0004.jpg,1
Edward_Norton\Edward_Norton_0001.jpg,Edward_Norton\Edward_Norton_0002.jpg,1
Leonid_Kuchma\Leonid_Kuchma_0002.jpg,Leonid_Kuchma\Leonid_Kuchma_0004.jpg,1
Helene_Eksterowicz\Helene_Eksterowicz_0001.jpg,Mario_Lemieux\Mario_Lemieux_0001.jpg,0
Flor_Montulo\Flor_Montulo_0001.jpg,Steve_Blankenship\Steve_Blankenship_0001.jpg,0
Pedro_Malan\Pedro_Malan_0002.jpg,Pedro_Malan\Pedro_Malan_0003.jpg,1
Flor_Montulo\Flor_Montulo_0001.jpg,Flor_Montulo\Flor_Montulo_0002.jpg,1
Harry_Kalas\Harry_Kalas_0001.jpg,Harry_Kalas\Harry_Kalas_0002.jpg,1
Mamdouh_Habib\Mamdouh_Habib_0001.jpg,Polona_Bas\Polona_Bas_0001.jpg,0
Liza_Minnelli\Liza_Minnelli_0001.jpg,Liza_Minnelli\Liza_Minnelli_0003.jpg,1
Paul_Martin\Paul_Martin_0001.jpg,Paul_Martin\Paul_Martin_0008.jpg,1
Armando_Avila_Panchame\Armando_Avila_Panchame_0001.jpg,Hana_Urushima\Hana_Urushima_0001.jpg,0
Jim_Calhoun\Jim_Calhoun_0001.jpg,Perry_Farrell\Perry_Farrell_0001.jpg,0
Farouk_Kaddoumi\Farouk_Kaddoumi_0001.jpg,Gina_Gershon\Gina_Gershon_0001.jpg,0
Albert_Costa\Albert_Costa_0005.jpg,Albert_Costa\Albert_Costa_0006.jpg,1
Jim_Letten\Jim_Letten_0001.jpg,Victor_Hanescu\Victor_Hanescu_0001.jpg,0
Jimmy_Carter\Jimmy_Carter_0008.jpg,Jimmy_Carter\Jimmy_Carter_0009.jpg,1
Amelie_Mauresmo\Amelie_Mauresmo_0016.jpg,Amelie_Mauresmo\Amelie_Mauresmo_0021.jpg,1
Kenneth_Evans\Kenneth_Evans_0001.jpg,Kenneth_Evans\Kenneth_Evans_0002.jpg,1
Donald_Rumsfeld\Donald_Rumsfeld_0040.jpg,Tamika_Catchings\Tamika_Catchings_0001.jpg,0
Norm_Coleman\Norm_Coleman_0002.jpg,Norm_Coleman\Norm_Coleman_0007.jpg,1
Christopher_Russell\Christopher_Russell_0001.jpg,Rosario_Dawson\Rosario_Dawson_0001.jpg,0
Guillaume_Cannet\Guillaume_Cannet_0001.jpg,Mark_Mulder\Mark_Mulder_0001.jpg,0
Chawki_Armali\Chawki_Armali_0001.jpg,Hilmi_Akin_Zorlu\Hilmi_Akin_Zorlu_0001.jpg,0
Alvaro_Uribe\Alvaro_Uribe_0017.jpg,Alvaro_Uribe\Alvaro_Uribe_0026.jpg,1
George_Robertson\George_Robertson_0012.jpg,George_Robertson\George_Robertson_0019.jpg,1
Gregory_Peck\Gregory_Peck_0001.jpg,John_Lynch\John_Lynch_0001.jpg,0
Paul_Patton\Paul_Patton_0001.jpg,Paul_Patton\Paul_Patton_0002.jpg,1
Janis_Ruth_Coulter\Janis_Ruth_Coulter_0001.jpg,Laurent_Woulzy\Laurent_Woulzy_0001.jpg,0
Calvin_Joseph_Coleman\Calvin_Joseph_Coleman_0001.jpg,Ekaterina_Dmitriev\Ekaterina_Dmitriev_0001.jpg,0
Carla_Del_Ponte\Carla_Del_Ponte_0002.jpg,Carla_Del_Ponte\Carla_Del_Ponte_0004.jpg,1
Condoleezza_Rice\Condoleezza_Rice_0007.jpg,Condoleezza_Rice\Condoleezza_Rice_0010.jpg,1
Aileen_Riggin_Soule\Aileen_Riggin_Soule_0001.jpg,Damarius_Bilbo\Damarius_Bilbo_0001.jpg,0
Chen_Shui-bian\Chen_Shui-bian_0003.jpg,Chen_Shui-bian\Chen_Shui-bian_0005.jpg,1
Erik_Morales\Erik_Morales_0001.jpg,Erik_Morales\Erik_Morales_0003.jpg,1
Michael_Sheehan\Michael_Sheehan_0001.jpg,Vincent_Cianci_Jr\Vincent_Cianci_Jr_0001.jpg,0
Laszlo_Kovacs\Laszlo_Kovacs_0001.jpg,Michael_Arif\Michael_Arif_0001.jpg,0
Allison_Janney\Allison_Janney_0001.jpg,Allison_Janney\Allison_Janney_0002.jpg,1
Mike_Slive\Mike_Slive_0001.jpg,Paul_Sarbanes\Paul_Sarbanes_0003.jpg,0
Jorge_Arce\Jorge_Arce_0001.jpg,Samuel_Waksal\Samuel_Waksal_0003.jpg,0
Chen_Shui-bian\Chen_Shui-bian_0003.jpg,Elizabeth_Smart\Elizabeth_Smart_0001.jpg,0
Jesse_Ventura\Jesse_Ventura_0003.jpg,Roy_Romanow\Roy_Romanow_0001.jpg,0
Charmaine_Crooks\Charmaine_Crooks_0001.jpg,Esad_Landzo\Esad_Landzo_0001.jpg,0
Amelie_Mauresmo\Amelie_Mauresmo_0006.jpg,Terri_Clark\Terri_Clark_0001.jpg,0
Ricky_Cottrill\Ricky_Cottrill_0001.jpg,Sananda_Maitreya\Sananda_Maitreya_0001.jpg,0
George_Robertson\George_Robertson_0015.jpg,George_Robertson\George_Robertson_0022.jpg,1
Ion_Tiriac\Ion_Tiriac_0001.jpg,Lawrence_Roberts\Lawrence_Roberts_0001.jpg,0
Scott_Dalton\Scott_Dalton_0001.jpg,Tamara_Mowry\Tamara_Mowry_0001.jpg,0
Daisy_Fuentes\Daisy_Fuentes_0003.jpg,Daisy_Fuentes\Daisy_Fuentes_0004.jpg,1
Bill_Sizemore\Bill_Sizemore_0001.jpg,Bill_Sizemore\Bill_Sizemore_0002.jpg,1
Bill_Carmody\Bill_Carmody_0001.jpg,Michael_Sheehan\Michael_Sheehan_0001.jpg,0
Ghassan_Elashi\Ghassan_Elashi_0001.jpg,Jesse_Ventura\Jesse_Ventura_0002.jpg,0
Salma_Hayek\Salma_Hayek_0008.jpg,Salma_Hayek\Salma_Hayek_0010.jpg,1
Dennis_Powell\Dennis_Powell_0001.jpg,Dennis_Powell\Dennis_Powell_0002.jpg,1
Jiang_Zemin\Jiang_Zemin_0002.jpg,Jiang_Zemin\Jiang_Zemin_0017.jpg,1
Luis_Figo\Luis_Figo_0001.jpg,Luis_Figo\Luis_Figo_0002.jpg,1
Michael_Phelps\Michael_Phelps_0005.jpg,Pat_Burns\Pat_Burns_0002.jpg,0
Rick_Wagoner\Rick_Wagoner_0001.jpg,Rick_Wagoner\Rick_Wagoner_0002.jpg,1
Edwin_Edwards\Edwin_Edwards_0001.jpg,Edwin_Edwards\Edwin_Edwards_0002.jpg,1
Antonio_Palocci\Antonio_Palocci_0003.jpg,Antonio_Palocci\Antonio_Palocci_0008.jpg,1
Carlos_Iturgaitz\Carlos_Iturgaitz_0001.jpg,Francisco_Maturana\Francisco_Maturana_0001.jpg,0
Ismail_Merchant\Ismail_Merchant_0001.jpg,Joseph_Deiss\Joseph_Deiss_0001.jpg,0
Garry_Trudeau\Garry_Trudeau_0001.jpg,Garry_Trudeau\Garry_Trudeau_0002.jpg,1
Derek_Jeter\Derek_Jeter_0002.jpg,Derek_Jeter\Derek_Jeter_0003.jpg,1
Matt_Dillon\Matt_Dillon_0001.jpg,Regina_Ip\Regina_Ip_0001.jpg,0
Elena_Dementieva\Elena_Dementieva_0001.jpg,Wilton_Gregory\Wilton_Gregory_0001.jpg,0
Rick_Perry\Rick_Perry_0002.jpg,Rick_Perry\Rick_Perry_0006.jpg,1
Sheila_Wellstone\Sheila_Wellstone_0001.jpg,Sheila_Wellstone\Sheila_Wellstone_0002.jpg,1
Paris_Hilton\Paris_Hilton_0001.jpg,Paris_Hilton\Paris_Hilton_0002.jpg,1
Steven_Hatfill\Steven_Hatfill_0001.jpg,Steven_Hatfill\Steven_Hatfill_0002.jpg,1
Chen_Shui-bian\Chen_Shui-bian_0002.jpg,Simon_Cowell\Simon_Cowell_0001.jpg,0
John_McCallum\John_McCallum_0001.jpg,John_McCallum\John_McCallum_0002.jpg,1
Gary_Doer\Gary_Doer_0001.jpg,Gary_Doer\Gary_Doer_0003.jpg,1
Bruce_Willis\Bruce_Willis_0001.jpg,Heather_Mills\Heather_Mills_0002.jpg,0
Masum_Turker\Masum_Turker_0001.jpg,Masum_Turker\Masum_Turker_0002.jpg,1
Chante_Jawan_Mallard\Chante_Jawan_Mallard_0001.jpg,Muhammad_Ali\Muhammad_Ali_0005.jpg,0
Jacques_Chirac\Jacques_Chirac_0022.jpg,Jacques_Chirac\Jacques_Chirac_0044.jpg,1
Heidi_Fleiss\Heidi_Fleiss_0001.jpg,Heidi_Fleiss\Heidi_Fleiss_0003.jpg,1
Billy_Boyd\Billy_Boyd_0001.jpg,Liza_Minnelli\Liza_Minnelli_0003.jpg,0
Lisa_Raymond\Lisa_Raymond_0001.jpg,Lisa_Raymond\Lisa_Raymond_0002.jpg,1
Michelle_Yeoh\Michelle_Yeoh_0005.jpg,Shoshannah_Stern\Shoshannah_Stern_0001.jpg,0
Bill_McBride\Bill_McBride_0002.jpg,Bill_McBride\Bill_McBride_0006.jpg,1
Marricia_Tate\Marricia_Tate_0001.jpg,Rita_Moreno\Rita_Moreno_0002.jpg,0
Dirk_Kempthorne\Dirk_Kempthorne_0001.jpg,George_Tenet\George_Tenet_0002.jpg,0
Aleksander_Voloshin\Aleksander_Voloshin_0001.jpg,Ashlea_Talbot\Ashlea_Talbot_0001.jpg,0
Chris_Bell\Chris_Bell_0001.jpg,Chris_Bell\Chris_Bell_0002.jpg,1
Glafcos_Clerides\Glafcos_Clerides_0001.jpg,Glafcos_Clerides\Glafcos_Clerides_0004.jpg,1
Bob_Iger\Bob_Iger_0001.jpg,Brian_Cowen\Brian_Cowen_0001.jpg,0
Spencer_Abraham\Spencer_Abraham_0012.jpg,Spencer_Abraham\Spencer_Abraham_0013.jpg,1
Vaclav_Havel\Vaclav_Havel_0001.jpg,Vaclav_Havel\Vaclav_Havel_0009.jpg,1
Erika_Christensen\Erika_Christensen_0001.jpg,Erika_Christensen\Erika_Christensen_0002.jpg,1
Patty_Schnyder\Patty_Schnyder_0001.jpg,Patty_Schnyder\Patty_Schnyder_0003.jpg,1
Priscilla_Presley\Priscilla_Presley_0001.jpg,Victoria_Beckham\Victoria_Beckham_0003.jpg,0
Mario_Cipollini\Mario_Cipollini_0001.jpg,Mario_Cipollini\Mario_Cipollini_0002.jpg,1
Tim_Allen\Tim_Allen_0002.jpg,Tim_Allen\Tim_Allen_0004.jpg,1
Anne_Krueger\Anne_Krueger_0003.jpg,Lucrecia_Orozco\Lucrecia_Orozco_0001.jpg,0
Christine_Todd_Whitman\Christine_Todd_Whitman_0005.jpg,Christine_Todd_Whitman\Christine_Todd_Whitman_0006.jpg,1
Elaine_Chao\Elaine_Chao_0001.jpg,Wilbert_Elki_Meza_Majino\Wilbert_Elki_Meza_Majino_0001.jpg,0
Christian_Longo\Christian_Longo_0002.jpg,Christian_Longo\Christian_Longo_0003.jpg,1
Eric_Snow\Eric_Snow_0001.jpg,Robert_McKee\Robert_McKee_0001.jpg,0
Georgia_Giddings\Georgia_Giddings_0001.jpg,Johnny_Carson\Johnny_Carson_0001.jpg,0
Jerry_Bruckheimer\Jerry_Bruckheimer_0001.jpg,John_Blaney\John_Blaney_0001.jpg,0
Naoto_Kan\Naoto_Kan_0002.jpg,Naoto_Kan\Naoto_Kan_0003.jpg,1
Joseph_Deiss\Joseph_Deiss_0001.jpg,Joseph_Deiss\Joseph_Deiss_0002.jpg,1
Jenna_Elfman\Jenna_Elfman_0001.jpg,Steffi_Graf\Steffi_Graf_0005.jpg,0
Diane_Green\Diane_Green_0001.jpg,Tim_Salmon\Tim_Salmon_0001.jpg,0
Lucy_Liu\Lucy_Liu_0002.jpg,Lucy_Liu\Lucy_Liu_0004.jpg,1
Alex_Corretja\Alex_Corretja_0001.jpg,Tippi_Hedren\Tippi_Hedren_0002.jpg,0
Paul_Sarbanes\Paul_Sarbanes_0002.jpg,Paul_Sarbanes\Paul_Sarbanes_0003.jpg,1
Ozzy_Osbourne\Ozzy_Osbourne_0002.jpg,Ozzy_Osbourne\Ozzy_Osbourne_0003.jpg,1
Marieta_Chrousala\Marieta_Chrousala_0001.jpg,Marieta_Chrousala\Marieta_Chrousala_0003.jpg,1
Ann_Godbehere\Ann_Godbehere_0001.jpg,Tatiana_Kennedy_Schlossberg\Tatiana_Kennedy_Schlossberg_0001.jpg,0
Conchita_Martinez\Conchita_Martinez_0001.jpg,Moby\Moby_0001.jpg,0
Thomas_OBrien\Thomas_OBrien_0008.jpg,Thomas_OBrien\Thomas_OBrien_0009.jpg,1
Augustin_Calleri\Augustin_Calleri_0004.jpg,John_Jones\John_Jones_0001.jpg,0
Russell_Coutts\Russell_Coutts_0001.jpg,Russell_Coutts\Russell_Coutts_0002.jpg,1
Sergio_Castellitto\Sergio_Castellitto_0001.jpg,Steve_Lavin\Steve_Lavin_0005.jpg,0
Gerhard_Schroeder\Gerhard_Schroeder_0003.jpg,Izzat_Ibrahim\Izzat_Ibrahim_0001.jpg,0
Carlos_Ortega\Carlos_Ortega_0001.jpg,Carlos_Ortega\Carlos_Ortega_0003.jpg,1
Bill_Curry\Bill_Curry_0001.jpg,Candice_Bergen\Candice_Bergen_0001.jpg,0
Filip_De_Winter\Filip_De_Winter_0001.jpg,Stuart_Townsend\Stuart_Townsend_0001.jpg,0
Russell_Crowe\Russell_Crowe_0001.jpg,Russell_Crowe\Russell_Crowe_0002.jpg,1
Dennis_Kozlowski\Dennis_Kozlowski_0002.jpg,Regina_Ip\Regina_Ip_0001.jpg,0
Gary_Winnick\Gary_Winnick_0001.jpg,Gary_Winnick\Gary_Winnick_0002.jpg,1
Billy_Boyd\Billy_Boyd_0001.jpg,Robin_Williams\Robin_Williams_0001.jpg,0
Ana_Palacio\Ana_Palacio_0006.jpg,Robert_Gordon_Card\Robert_Gordon_Card_0001.jpg,0
Luis_Horna\Luis_Horna_0002.jpg,Luis_Horna\Luis_Horna_0005.jpg,1
Ian_Thorpe\Ian_Thorpe_0003.jpg,Ian_Thorpe\Ian_Thorpe_0010.jpg,1
Laurel_Clark\Laurel_Clark_0001.jpg,Rahul_Dravid\Rahul_Dravid_0001.jpg,0
Shane_Mosley\Shane_Mosley_0001.jpg,Shane_Mosley\Shane_Mosley_0002.jpg,1
Richard_Butler\Richard_Butler_0001.jpg,Victoria_Beckham\Victoria_Beckham_0001.jpg,0
Ana_Palacio\Ana_Palacio_0005.jpg,Erika_Christensen\Erika_Christensen_0002.jpg,0
Harland_Braun\Harland_Braun_0001.jpg,Lisa_Leslie\Lisa_Leslie_0001.jpg,0
Michael_Smith_Foster\Michael_Smith_Foster_0001.jpg,Rupert_Murdoch\Rupert_Murdoch_0001.jpg,0
LK_Advani\LK_Advani_0001.jpg,LK_Advani\LK_Advani_0003.jpg,1
Hermann_Maier\Hermann_Maier_0001.jpg,Robin_Williams\Robin_Williams_0001.jpg,0
Jean_Carnahan\Jean_Carnahan_0001.jpg,Jean_Carnahan\Jean_Carnahan_0002.jpg,1
Gwyneth_Paltrow\Gwyneth_Paltrow_0004.jpg,Gwyneth_Paltrow\Gwyneth_Paltrow_0005.jpg,1
Denzel_Washington\Denzel_Washington_0002.jpg,Denzel_Washington\Denzel_Washington_0005.jpg,1
Carrie-Anne_Moss\Carrie-Anne_Moss_0004.jpg,Mike_Richter\Mike_Richter_0001.jpg,0
Gerhard_Schroeder\Gerhard_Schroeder_0003.jpg,Gerhard_Schroeder\Gerhard_Schroeder_0026.jpg,1
Adel_Al-Jubeir\Adel_Al-Jubeir_0001.jpg,Elisabeth_Welch\Elisabeth_Welch_0001.jpg,0
Karl-Heinz_Rummenigge\Karl-Heinz_Rummenigge_0001.jpg,Wayne_Newton\Wayne_Newton_0001.jpg,0
Dave_Campo\Dave_Campo_0001.jpg,Dave_Campo\Dave_Campo_0002.jpg,1
Amporn_Falise\Amporn_Falise_0001.jpg,Zhang_Yimou\Zhang_Yimou_0001.jpg,0
Anna_Chicherova\Anna_Chicherova_0001.jpg,Bob_Iger\Bob_Iger_0001.jpg,0
Kristin_Davis\Kristin_Davis_0002.jpg,Kristin_Davis\Kristin_Davis_0003.jpg,1
Javier_Weber\Javier_Weber_0001.jpg,Javier_Weber\Javier_Weber_0002.jpg,1
Jim_Harrick\Jim_Harrick_0001.jpg,Jim_Harrick\Jim_Harrick_0002.jpg,1
Giuseppe_Gibilisco\Giuseppe_Gibilisco_0002.jpg,Giuseppe_Gibilisco\Giuseppe_Gibilisco_0004.jpg,1
Chita_Rivera\Chita_Rivera_0001.jpg,Chita_Rivera\Chita_Rivera_0002.jpg,1
Yevgeny_Kafelnikov\Yevgeny_Kafelnikov_0003.jpg,Yevgeny_Kafelnikov\Yevgeny_Kafelnikov_0004.jpg,1
Brian_Griese\Brian_Griese_0001.jpg,Jennie_Garth\Jennie_Garth_0001.jpg,0
Jose_Bove\Jose_Bove_0001.jpg,Princess_Diana\Princess_Diana_0001.jpg,0
Christine_Ebersole\Christine_Ebersole_0001.jpg,Christine_Ebersole\Christine_Ebersole_0002.jpg,1
Aitor_Gonzalez\Aitor_Gonzalez_0001.jpg,Lily_Tomlin\Lily_Tomlin_0002.jpg,0
Rob_Schneider\Rob_Schneider_0001.jpg,Rob_Schneider\Rob_Schneider_0002.jpg,1
Penelope_Cruz\Penelope_Cruz_0001.jpg,Penelope_Cruz\Penelope_Cruz_0002.jpg,1
Jalal_Talabani\Jalal_Talabani_0001.jpg,Jean-Marc_Olive\Jean-Marc_Olive_0001.jpg,0
Derrick_Battie\Derrick_Battie_0001.jpg,Lisa_Leslie\Lisa_Leslie_0001.jpg,0
Jeremy_Greenstock\Jeremy_Greenstock_0007.jpg,Jim_Flaherty\Jim_Flaherty_0001.jpg,0
Donna_Walker\Donna_Walker_0001.jpg,Phil_Bredesen\Phil_Bredesen_0001.jpg,0
Matthew_Broderick\Matthew_Broderick_0003.jpg,Matthew_Broderick\Matthew_Broderick_0004.jpg,1
Owen_Wilson\Owen_Wilson_0001.jpg,Owen_Wilson\Owen_Wilson_0002.jpg,1
Jean-Pierre_Raffarin\Jean-Pierre_Raffarin_0002.jpg,Robert_Horan\Robert_Horan_0002.jpg,0
Ron_Howard\Ron_Howard_0001.jpg,Tim_Pawlenty\Tim_Pawlenty_0001.jpg,0
Abdullatif_Sener\Abdullatif_Sener_0001.jpg,Abdullatif_Sener\Abdullatif_Sener_0002.jpg,1
Irina_Yatchenko\Irina_Yatchenko_0001.jpg,Pedro_Solbes\Pedro_Solbes_0004.jpg,0
Cristina_Fernandez\Cristina_Fernandez_0001.jpg,Cristina_Fernandez\Cristina_Fernandez_0002.jpg,1
Gordon_Lightfoot\Gordon_Lightfoot_0001.jpg,Janez_Drnovsek\Janez_Drnovsek_0001.jpg,0
Jan_Ullrich\Jan_Ullrich_0002.jpg,Jan_Ullrich\Jan_Ullrich_0003.jpg,1
Alexandra_Rozovskaya\Alexandra_Rozovskaya_0001.jpg,Don_King\Don_King_0001.jpg,0
Justin_Leonard\Justin_Leonard_0001.jpg,Justin_Leonard\Justin_Leonard_0003.jpg,1
Tammy_Lynn_Michaels\Tammy_Lynn_Michaels_0001.jpg,Tammy_Lynn_Michaels\Tammy_Lynn_Michaels_0002.jpg,1
Denzel_Washington\Denzel_Washington_0004.jpg,Sung_Hong_Choi\Sung_Hong_Choi_0001.jpg,0
Cesar_Maia\Cesar_Maia_0002.jpg,Karin_Viard\Karin_Viard_0001.jpg,0
Adel_Al-Jubeir\Adel_Al-Jubeir_0001.jpg,Adel_Al-Jubeir\Adel_Al-Jubeir_0003.jpg,1
Gordon_Brown\Gordon_Brown_0012.jpg,Monica_Gabrielle\Monica_Gabrielle_0001.jpg,0
Leonid_Kuchma\Leonid_Kuchma_0004.jpg,Leonid_Kuchma\Leonid_Kuchma_0006.jpg,1
Jose_Luis_Chilavert\Jose_Luis_Chilavert_0001.jpg,Sofyan_Dawood\Sofyan_Dawood_0001.jpg,0
Lynn_Abraham\Lynn_Abraham_0001.jpg,Lynn_Abraham\Lynn_Abraham_0002.jpg,1
Carson_Daly\Carson_Daly_0001.jpg,Carson_Daly\Carson_Daly_0002.jpg,1
Carlos_Beltran\Carlos_Beltran_0001.jpg,Shoshannah_Stern\Shoshannah_Stern_0001.jpg,0
Manijeh_Hekmat\Manijeh_Hekmat_0001.jpg,Richard_Carl\Richard_Carl_0001.jpg,0
Tom_Cruise\Tom_Cruise_0001.jpg,Tom_Cruise\Tom_Cruise_0007.jpg,1
Hussam_Mohammed_Amin\Hussam_Mohammed_Amin_0001.jpg,Princess_Hisako\Princess_Hisako_0001.jpg,0
Ali_Fallahian\Ali_Fallahian_0001.jpg,Mohammed_Abulhasan\Mohammed_Abulhasan_0001.jpg,0
Michael_Sullivan\Michael_Sullivan_0001.jpg,Michael_Sullivan\Michael_Sullivan_0002.jpg,1
Sasha_Cohen\Sasha_Cohen_0001.jpg,Valery_Giscard_dEstaing\Valery_Giscard_dEstaing_0005.jpg,0
Ricardo_Maduro\Ricardo_Maduro_0001.jpg,Ricardo_Maduro\Ricardo_Maduro_0002.jpg,1
James_Kelly\James_Kelly_0009.jpg,James_Kelly\James_Kelly_0011.jpg,1
Judy_Dean\Judy_Dean_0001.jpg,Kristanna_Loken\Kristanna_Loken_0001.jpg,0
Bing_Crosby\Bing_Crosby_0001.jpg,John_Moxley\John_Moxley_0001.jpg,0
Eric_Lindros\Eric_Lindros_0001.jpg,Sterling_Hitchcock\Sterling_Hitchcock_0001.jpg,0
Robert_Flodquist\Robert_Flodquist_0001.jpg,Winona_Ryder\Winona_Ryder_0011.jpg,0
Pierce_Brosnan\Pierce_Brosnan_0004.jpg,Pierce_Brosnan\Pierce_Brosnan_0012.jpg,1
Jen_Bice\Jen_Bice_0001.jpg,Lily_Tomlin\Lily_Tomlin_0002.jpg,0
Mark_Dacey\Mark_Dacey_0001.jpg,Mark_Dacey\Mark_Dacey_0002.jpg,1
John_Rowland\John_Rowland_0001.jpg,John_Rowland\John_Rowland_0002.jpg,1
Gary_Sayler\Gary_Sayler_0001.jpg,Nila_Ferran\Nila_Ferran_0001.jpg,0
Martha_Stewart\Martha_Stewart_0003.jpg,Martha_Stewart\Martha_Stewart_0005.jpg,1
Felipe_Perez_Roque\Felipe_Perez_Roque_0002.jpg,Felipe_Perez_Roque\Felipe_Perez_Roque_0004.jpg,1
Leonardo_DiCaprio\Leonardo_DiCaprio_0003.jpg,Leonardo_DiCaprio\Leonardo_DiCaprio_0007.jpg,1
Matthew_Broderick\Matthew_Broderick_0002.jpg,Matthew_Broderick\Matthew_Broderick_0003.jpg,1
Richie_Adubato\Richie_Adubato_0001.jpg,Richie_Adubato\Richie_Adubato_0002.jpg,1
Amporn_Falise\Amporn_Falise_0001.jpg,Liza_Minnelli\Liza_Minnelli_0002.jpg,0
Chang_Dae-whan\Chang_Dae-whan_0001.jpg,Chang_Dae-whan\Chang_Dae-whan_0002.jpg,1
Gus_Van_Sant\Gus_Van_Sant_0001.jpg,Gus_Van_Sant\Gus_Van_Sant_0002.jpg,1
John_Franco\John_Franco_0001.jpg,Teri_Files\Teri_Files_0001.jpg,0
Damarius_Bilbo\Damarius_Bilbo_0001.jpg,Sheila_Taormina\Sheila_Taormina_0001.jpg,0
Silvio_Berlusconi\Silvio_Berlusconi_0014.jpg,Silvio_Berlusconi\Silvio_Berlusconi_0023.jpg,1
Chris_Andrews\Chris_Andrews_0001.jpg,Claire_De_Gryse\Claire_De_Gryse_0001.jpg,0
Michelle_Yeoh\Michelle_Yeoh_0003.jpg,Michelle_Yeoh\Michelle_Yeoh_0004.jpg,1
Camilla_Parker_Bowles\Camilla_Parker_Bowles_0002.jpg,Mary_Matalin\Mary_Matalin_0001.jpg,0
Robby_Ginepri\Robby_Ginepri_0001.jpg,Robby_Ginepri\Robby_Ginepri_0002.jpg,1
Neil_Goldman\Neil_Goldman_0001.jpg,Niall_Connolly\Niall_Connolly_0001.jpg,0
Mario_Lemieux\Mario_Lemieux_0001.jpg,Pedro_Solbes\Pedro_Solbes_0004.jpg,0
Gwendal_Peizerat\Gwendal_Peizerat_0002.jpg,Joe_Nichols\Joe_Nichols_0002.jpg,0
Andrew_Caldecott\Andrew_Caldecott_0001.jpg,Joe_Strummer\Joe_Strummer_0001.jpg,0
Gordon_Campbell\Gordon_Campbell_0001.jpg,Gordon_Campbell\Gordon_Campbell_0002.jpg,1
Bridgette_Wilson-Sampras\Bridgette_Wilson-Sampras_0001.jpg,Bridgette_Wilson-Sampras\Bridgette_Wilson-Sampras_0002.jpg,1
Rick_Dinse\Rick_Dinse_0001.jpg,Rick_Dinse\Rick_Dinse_0003.jpg,1
Carlos_Manuel_Pruneda\Carlos_Manuel_Pruneda_0001.jpg,Carlos_Manuel_Pruneda\Carlos_Manuel_Pruneda_0002.jpg,1
Jimmy_Carter\Jimmy_Carter_0004.jpg,Jimmy_Carter\Jimmy_Carter_0008.jpg,1
Casey_Crowder\Casey_Crowder_0001.jpg,Laszlo_Kovacs\Laszlo_Kovacs_0001.jpg,0
Peter_Greenaway\Peter_Greenaway_0001.jpg,Peter_Greenaway\Peter_Greenaway_0002.jpg,1
Claire_Leger\Claire_Leger_0001.jpg,Claire_Leger\Claire_Leger_0002.jpg,1
Robert_Redford\Robert_Redford_0004.jpg,Robert_Redford\Robert_Redford_0007.jpg,1
Christian_Longo\Christian_Longo_0002.jpg,Dustan_Mohr\Dustan_Mohr_0001.jpg,0
Tang_Jiaxuan\Tang_Jiaxuan_0001.jpg,Tang_Jiaxuan\Tang_Jiaxuan_0006.jpg,1
Paul_Hogan\Paul_Hogan_0001.jpg,William_Martin\William_Martin_0001.jpg,0
Emma_Watson\Emma_Watson_0001.jpg,Emma_Watson\Emma_Watson_0004.jpg,1
Leslie_Moonves\Leslie_Moonves_0001.jpg,Leslie_Moonves\Leslie_Moonves_0002.jpg,1
Yoriko_Kawaguchi\Yoriko_Kawaguchi_0003.jpg,Yoriko_Kawaguchi\Yoriko_Kawaguchi_0010.jpg,1
Brian_Cowen\Brian_Cowen_0002.jpg,Dave_Johnson\Dave_Johnson_0001.jpg,0
Elisabeth_Schumacher\Elisabeth_Schumacher_0001.jpg,Elisabeth_Schumacher\Elisabeth_Schumacher_0002.jpg,1
George_Foreman\George_Foreman_0001.jpg,George_Foreman\George_Foreman_0002.jpg,1
Glenn_Tilton\Glenn_Tilton_0001.jpg,Victor_Hanescu\Victor_Hanescu_0001.jpg,0
Jake_Gyllenhaal\Jake_Gyllenhaal_0003.jpg,Jake_Gyllenhaal\Jake_Gyllenhaal_0004.jpg,1
Seth_Gorney\Seth_Gorney_0001.jpg,Wilton_Gregory\Wilton_Gregory_0001.jpg,0
Maryn_McKenna\Maryn_McKenna_0001.jpg,Tim_Pawlenty\Tim_Pawlenty_0001.jpg,0
Vicente_Fernandez\Vicente_Fernandez_0004.jpg,Vicente_Fernandez\Vicente_Fernandez_0005.jpg,1
Ain_Seppik\Ain_Seppik_0001.jpg,Donald_Regan\Donald_Regan_0001.jpg,0
Noah_Wyle\Noah_Wyle_0001.jpg,Noah_Wyle\Noah_Wyle_0002.jpg,1
Lawrence_Di_Rita\Lawrence_Di_Rita_0001.jpg,Tim_Allen\Tim_Allen_0002.jpg,0
Michel_Duclos\Michel_Duclos_0001.jpg,Michel_Duclos\Michel_Duclos_0002.jpg,1
Christine_Ebersole\Christine_Ebersole_0002.jpg,Vincent_Cianci_Jr\Vincent_Cianci_Jr_0001.jpg,0
Eliane_Karp\Eliane_Karp_0001.jpg,Eliane_Karp\Eliane_Karp_0004.jpg,1
Bill_McBride\Bill_McBride_0002.jpg,Bill_McBride\Bill_McBride_0010.jpg,1
Kurt_Warner\Kurt_Warner_0001.jpg,Kurt_Warner\Kurt_Warner_0005.jpg,1
John_Bolton\John_Bolton_0003.jpg,John_Bolton\John_Bolton_0010.jpg,1
Halbert_Fillinger\Halbert_Fillinger_0001.jpg,Rachel_Hunter\Rachel_Hunter_0001.jpg,0
Agbani_Darego\Agbani_Darego_0001.jpg,Malik_Mahmud\Malik_Mahmud_0001.jpg,0
Donald_Rumsfeld\Donald_Rumsfeld_0022.jpg,Donald_Rumsfeld\Donald_Rumsfeld_0036.jpg,1
Tassos_Papadopoulos\Tassos_Papadopoulos_0001.jpg,Tassos_Papadopoulos\Tassos_Papadopoulos_0002.jpg,1
John_Rowland\John_Rowland_0002.jpg,Robert_Lee_Yates_Jr\Robert_Lee_Yates_Jr_0001.jpg,0
Bill_Carmody\Bill_Carmody_0001.jpg,Tippi_Hedren\Tippi_Hedren_0001.jpg,0
Dave_Johnson\Dave_Johnson_0001.jpg,Hank_Aaron\Hank_Aaron_0001.jpg,0
Bob_Riley\Bob_Riley_0001.jpg,Jim_Harrick\Jim_Harrick_0001.jpg,0
Tom_Coverdale\Tom_Coverdale_0001.jpg,Tom_Coverdale\Tom_Coverdale_0002.jpg,1
Candice_Bergen\Candice_Bergen_0002.jpg,Prospero_Pichay\Prospero_Pichay_0001.jpg,0
Miguel_Jimenez\Miguel_Jimenez_0001.jpg,Paris_Hilton\Paris_Hilton_0001.jpg,0
John_Travolta\John_Travolta_0004.jpg,John_Travolta\John_Travolta_0005.jpg,1
Miguel_Aldana_Ibarra\Miguel_Aldana_Ibarra_0001.jpg,Mikhail_Gorbachev\Mikhail_Gorbachev_0001.jpg,0
Allison_Searing\Allison_Searing_0001.jpg,Warren_Beatty\Warren_Beatty_0001.jpg,0
Marissa_Jaret_Winokur\Marissa_Jaret_Winokur_0001.jpg,Vincent_Sombrotto\Vincent_Sombrotto_0001.jpg,0
Mahmoud_Abbas\Mahmoud_Abbas_0019.jpg,Mahmoud_Abbas\Mahmoud_Abbas_0026.jpg,1
Hermann_Maier\Hermann_Maier_0001.jpg,Hermann_Maier\Hermann_Maier_0002.jpg,1
Jose_Bove\Jose_Bove_0001.jpg,Michalis_Chrisohoides\Michalis_Chrisohoides_0001.jpg,0
Bono\Bono_0001.jpg,Chen_Shui-bian\Chen_Shui-bian_0002.jpg,0
Jiang_Zemin\Jiang_Zemin_0012.jpg,Jiang_Zemin\Jiang_Zemin_0015.jpg,1
Carlos_Ghosn\Carlos_Ghosn_0001.jpg,Renee_Zellweger\Renee_Zellweger_0011.jpg,0
Laurent_Jalabert\Laurent_Jalabert_0001.jpg,Laurent_Jalabert\Laurent_Jalabert_0002.jpg,1
George_Foreman\George_Foreman_0001.jpg,George_Lucas\George_Lucas_0001.jpg,0
Jim_Cantalupo\Jim_Cantalupo_0001.jpg,Joe_Pantoliano\Joe_Pantoliano_0001.jpg,0
Carrie-Anne_Moss\Carrie-Anne_Moss_0002.jpg,Carrie-Anne_Moss\Carrie-Anne_Moss_0005.jpg,1
Brock_Berlin\Brock_Berlin_0001.jpg,Wendy_Selig\Wendy_Selig_0001.jpg,0
Elinor_Caplan\Elinor_Caplan_0001.jpg,Elinor_Caplan\Elinor_Caplan_0002.jpg,1
Chok_Tong_Goh\Chok_Tong_Goh_0001.jpg,Chok_Tong_Goh\Chok_Tong_Goh_0002.jpg,1
Candice_Bergen\Candice_Bergen_0002.jpg,Jake_Gyllenhaal\Jake_Gyllenhaal_0002.jpg,0
Christopher_Reeve\Christopher_Reeve_0001.jpg,Christopher_Reeve\Christopher_Reeve_0004.jpg,1
Amelie_Mauresmo\Amelie_Mauresmo_0004.jpg,Amelie_Mauresmo\Amelie_Mauresmo_0011.jpg,1
Cedric_Benson\Cedric_Benson_0001.jpg,Greg_Hodge\Greg_Hodge_0001.jpg,0
Claire_Leger\Claire_Leger_0002.jpg,Elin_Nordegren\Elin_Nordegren_0002.jpg,0
Charlie_Sheen\Charlie_Sheen_0001.jpg,Deece_Eckstein\Deece_Eckstein_0001.jpg,0
Jenna_Elfman\Jenna_Elfman_0001.jpg,Mack_Brown\Mack_Brown_0001.jpg,0
Annette_Lu\Annette_Lu_0001.jpg,Svetlana_Belousova\Svetlana_Belousova_0001.jpg,0
John_Mayer\John_Mayer_0003.jpg,Miguel_Jimenez\Miguel_Jimenez_0001.jpg,0
Nastassia_Kinski\Nastassia_Kinski_0001.jpg,Nastassia_Kinski\Nastassia_Kinski_0002.jpg,1
Julia_Ormond\Julia_Ormond_0001.jpg,Randy_Dryer\Randy_Dryer_0001.jpg,0
Michael_Phelps\Michael_Phelps_0001.jpg,Michael_Phelps\Michael_Phelps_0003.jpg,1
Elsa_Zylberstein\Elsa_Zylberstein_0003.jpg,Elsa_Zylberstein\Elsa_Zylberstein_0006.jpg,1
Terry_McAuliffe\Terry_McAuliffe_0001.jpg,Terry_McAuliffe\Terry_McAuliffe_0003.jpg,1
Jeane_Kirkpatrick\Jeane_Kirkpatrick_0001.jpg,Tamika_Catchings\Tamika_Catchings_0001.jpg,0
Martha_Burk\Martha_Burk_0002.jpg,Martha_Burk\Martha_Burk_0004.jpg,1
Condoleezza_Rice\Condoleezza_Rice_0002.jpg,Condoleezza_Rice\Condoleezza_Rice_0005.jpg,1
Dave_Campo\Dave_Campo_0002.jpg,Dave_Campo\Dave_Campo_0003.jpg,1
Natalie_Coughlin\Natalie_Coughlin_0001.jpg,Natalie_Coughlin\Natalie_Coughlin_0002.jpg,1
Joe_Pantoliano\Joe_Pantoliano_0001.jpg,Robin_Tunney\Robin_Tunney_0001.jpg,0
Ismail_Cem\Ismail_Cem_0001.jpg,Seth_Gorney\Seth_Gorney_0001.jpg,0
David_Stern\David_Stern_0001.jpg,David_Stern\David_Stern_0004.jpg,1
Malcolm_Wild\Malcolm_Wild_0001.jpg,Owen_Wilson\Owen_Wilson_0002.jpg,0
Ben_Affleck\Ben_Affleck_0001.jpg,Ben_Affleck\Ben_Affleck_0003.jpg,1
Richard_Norton-Taylor\Richard_Norton-Taylor_0001.jpg,Richard_Norton-Taylor\Richard_Norton-Taylor_0002.jpg,1
Islam_Karimov\Islam_Karimov_0001.jpg,Shireen_Amir_Begum\Shireen_Amir_Begum_0001.jpg,0
Tim_Allen\Tim_Allen_0001.jpg,Tim_Allen\Tim_Allen_0002.jpg,1
Antonio_Palocci\Antonio_Palocci_0004.jpg,Donald_Regan\Donald_Regan_0001.jpg,0
Jefferson_Perez\Jefferson_Perez_0001.jpg,Jefferson_Perez\Jefferson_Perez_0002.jpg,1
Chea_Sophara\Chea_Sophara_0001.jpg,Muhammad_Ali\Muhammad_Ali_0006.jpg,0
Mohamed_ElBaradei\Mohamed_ElBaradei_0004.jpg,Mohamed_ElBaradei\Mohamed_ElBaradei_0005.jpg,1
Gary_Leon_Ridgway\Gary_Leon_Ridgway_0001.jpg,Phillip_Seymor_Hoffmann\Phillip_Seymor_Hoffmann_0001.jpg,0
Edwin_Edwards\Edwin_Edwards_0002.jpg,Edwin_Edwards\Edwin_Edwards_0003.jpg,1
Emma_Watson\Emma_Watson_0003.jpg,Emma_Watson\Emma_Watson_0005.jpg,1
Nasser_al-Kidwa\Nasser_al-Kidwa_0001.jpg,Nasser_al-Kidwa\Nasser_al-Kidwa_0002.jpg,1
David_Shayler\David_Shayler_0001.jpg,Peter_Mullan\Peter_Mullan_0001.jpg,0
Rich_Gannon\Rich_Gannon_0001.jpg,Rich_Gannon\Rich_Gannon_0002.jpg,1
Ben_Affleck\Ben_Affleck_0003.jpg,Ben_Affleck\Ben_Affleck_0006.jpg,1
Patti_Labelle\Patti_Labelle_0002.jpg,Patti_Labelle\Patti_Labelle_0003.jpg,1
Guillaume_Cannet\Guillaume_Cannet_0001.jpg,Mohammad_Khatami\Mohammad_Khatami_0005.jpg,0
Sean_Patrick_OMalley\Sean_Patrick_OMalley_0001.jpg,Sean_Patrick_OMalley\Sean_Patrick_OMalley_0002.jpg,1
Donald_Pettit\Donald_Pettit_0002.jpg,Donald_Pettit\Donald_Pettit_0003.jpg,1
Helio_Castroneves\Helio_Castroneves_0001.jpg,Joxel_Garcia\Joxel_Garcia_0001.jpg,0
Pierre_Boulanger\Pierre_Boulanger_0001.jpg,Shania_Twain\Shania_Twain_0001.jpg,0
Alex_Corretja\Alex_Corretja_0001.jpg,Newt_Gingrich\Newt_Gingrich_0001.jpg,0
Tracee_Ellis_Ross\Tracee_Ellis_Ross_0001.jpg,Tracee_Ellis_Ross\Tracee_Ellis_Ross_0002.jpg,1
Dick_Clark\Dick_Clark_0001.jpg,Dick_Clark\Dick_Clark_0002.jpg,1
William_Macy\William_Macy_0001.jpg,William_Macy\William_Macy_0004.jpg,1
Donald_Pettit\Donald_Pettit_0001.jpg,Donald_Pettit\Donald_Pettit_0002.jpg,1
Rachel_Hunter\Rachel_Hunter_0002.jpg,Rachel_Hunter\Rachel_Hunter_0003.jpg,1
Leisel_Jones\Leisel_Jones_0001.jpg,Steven_Hatfill\Steven_Hatfill_0001.jpg,0
Gerry_Adams\Gerry_Adams_0003.jpg,Gerry_Adams\Gerry_Adams_0007.jpg,1
Andrew_Wetzler\Andrew_Wetzler_0001.jpg,Cristina_Torrens_Valero\Cristina_Torrens_Valero_0001.jpg,0
Leonid_Kuchma\Leonid_Kuchma_0001.jpg,Leonid_Kuchma\Leonid_Kuchma_0006.jpg,1
Elizabeth_Smart\Elizabeth_Smart_0003.jpg,Elizabeth_Smart\Elizabeth_Smart_0004.jpg,1
Gunilla_Backman\Gunilla_Backman_0001.jpg,Jennifer_Granholm\Jennifer_Granholm_0001.jpg,0
Charmaine_Crooks\Charmaine_Crooks_0001.jpg,Shigeru_Ishiba\Shigeru_Ishiba_0001.jpg,0
Jennifer_Keller\Jennifer_Keller_0004.jpg,Paula_Abdul\Paula_Abdul_0001.jpg,0
Chen_Shui-bian\Chen_Shui-bian_0002.jpg,William_Nessen\William_Nessen_0001.jpg,0
Mona_Ayoub\Mona_Ayoub_0001.jpg,Todd_Parrott\Todd_Parrott_0001.jpg,0
Pedro_Martinez\Pedro_Martinez_0001.jpg,Stephen_Glassroth\Stephen_Glassroth_0001.jpg,0
John_Stallworth\John_Stallworth_0001.jpg,John_Stallworth\John_Stallworth_0002.jpg,1
Annie_Chaplin\Annie_Chaplin_0001.jpg,Gloria_Gaynor\Gloria_Gaynor_0001.jpg,0
Ian_Thorpe\Ian_Thorpe_0006.jpg,Ian_Thorpe\Ian_Thorpe_0008.jpg,1
Colin_Campbell\Colin_Campbell_0001.jpg,Matt_Walters\Matt_Walters_0001.jpg,0
Doug_Collins\Doug_Collins_0001.jpg,Doug_Collins\Doug_Collins_0002.jpg,1
Paul_Burrell\Paul_Burrell_0004.jpg,Paul_Burrell\Paul_Burrell_0010.jpg,1
Mark_Martin\Mark_Martin_0001.jpg,Vladimir_Spidla\Vladimir_Spidla_0002.jpg,0
Abdullah_Gul\Abdullah_Gul_0013.jpg,Abdullah_Gul\Abdullah_Gul_0016.jpg,1
Leslie_Wiser_Jr\Leslie_Wiser_Jr_0001.jpg,Mireya_Moscoso\Mireya_Moscoso_0001.jpg,0
Frank_Dunham_Jr\Frank_Dunham_Jr_0001.jpg,Frank_Dunham_Jr\Frank_Dunham_Jr_0002.jpg,1
Wesley_Clark\Wesley_Clark_0001.jpg,Wesley_Clark\Wesley_Clark_0002.jpg,1
Amanda_Marsh\Amanda_Marsh_0001.jpg,Svetlana_Koroleva\Svetlana_Koroleva_0002.jpg,0
Tang_Jiaxuan\Tang_Jiaxuan_0001.jpg,Tang_Jiaxuan\Tang_Jiaxuan_0010.jpg,1
Don_Lake\Don_Lake_0001.jpg,Elena_Dementieva\Elena_Dementieva_0001.jpg,0
Roy_Moore\Roy_Moore_0002.jpg,Roy_Moore\Roy_Moore_0003.jpg,1
Leonardo_DiCaprio\Leonardo_DiCaprio_0001.jpg,Leonardo_DiCaprio\Leonardo_DiCaprio_0008.jpg,1
Jennifer_Connelly\Jennifer_Connelly_0003.jpg,Jennifer_Connelly\Jennifer_Connelly_0004.jpg,1
Ludwig_Ovalle\Ludwig_Ovalle_0001.jpg,Mauricio_Macri\Mauricio_Macri_0001.jpg,0
Eric_Dubin\Eric_Dubin_0001.jpg,Yang_Pao-yu\Yang_Pao-yu_0001.jpg,0
Dominique_de_Villepin\Dominique_de_Villepin_0007.jpg,Dominique_de_Villepin\Dominique_de_Villepin_0011.jpg,1
Pedro_Malan\Pedro_Malan_0001.jpg,Pedro_Malan\Pedro_Malan_0002.jpg,1
Carlos_Manuel_Pruneda\Carlos_Manuel_Pruneda_0001.jpg,Carlos_Manuel_Pruneda\Carlos_Manuel_Pruneda_0003.jpg,1
Buddy_Ryan\Buddy_Ryan_0001.jpg,Roy_Romanow\Roy_Romanow_0001.jpg,0
Rupert_Grint\Rupert_Grint_0002.jpg,Rupert_Grint\Rupert_Grint_0003.jpg,1
Keith_Bogans\Keith_Bogans_0002.jpg,Keith_Bogans\Keith_Bogans_0003.jpg,1
Jan_Paul_Miller\Jan_Paul_Miller_0001.jpg,Lynne_Slepian\Lynne_Slepian_0001.jpg,0
Jeannette_Biedermann\Jeannette_Biedermann_0001.jpg,Roy_Moore\Roy_Moore_0006.jpg,0
Jessica_Lange\Jessica_Lange_0001.jpg,Jessica_Lange\Jessica_Lange_0002.jpg,1
Ashley_Judd\Ashley_Judd_0001.jpg,Pat_Burns\Pat_Burns_0001.jpg,0
Begum_Khaleda_Zia\Begum_Khaleda_Zia_0001.jpg,Jesse_Jackson\Jesse_Jackson_0005.jpg,0
Orrin_Hatch\Orrin_Hatch_0001.jpg,Orrin_Hatch\Orrin_Hatch_0002.jpg,1
Padraig_Harrington\Padraig_Harrington_0001.jpg,Padraig_Harrington\Padraig_Harrington_0003.jpg,1
Chris_Byrd\Chris_Byrd_0001.jpg,David_Alpay\David_Alpay_0001.jpg,0
Calista_Flockhart\Calista_Flockhart_0002.jpg,Calista_Flockhart\Calista_Flockhart_0006.jpg,1
Shane_Mosley\Shane_Mosley_0001.jpg,Stacey_Dales-Schuman\Stacey_Dales-Schuman_0001.jpg,0
Marieta_Chrousala\Marieta_Chrousala_0001.jpg,Marieta_Chrousala\Marieta_Chrousala_0002.jpg,1
Bertie_Ahern\Bertie_Ahern_0002.jpg,Bertie_Ahern\Bertie_Ahern_0003.jpg,1
Don_King\Don_King_0001.jpg,Philip_Zalewski\Philip_Zalewski_0001.jpg,0
Bing_Crosby\Bing_Crosby_0001.jpg,Leonid_Kuchma\Leonid_Kuchma_0005.jpg,0
Mark_Dacey\Mark_Dacey_0002.jpg,Russ_Ortiz\Russ_Ortiz_0001.jpg,0
Jason_Mewes\Jason_Mewes_0001.jpg,Will_Smith\Will_Smith_0001.jpg,0
Carlo_Ancelotti\Carlo_Ancelotti_0001.jpg,Hugh_Miller\Hugh_Miller_0001.jpg,0
Annette_Lu\Annette_Lu_0002.jpg,Annette_Lu\Annette_Lu_0003.jpg,1
Brooke_Adams\Brooke_Adams_0001.jpg,Gilberto_Rodriguez_Orejuela\Gilberto_Rodriguez_Orejuela_0002.jpg,0
Amelie_Mauresmo\Amelie_Mauresmo_0001.jpg,Amelie_Mauresmo\Amelie_Mauresmo_0021.jpg,1
Phillipe_Comtois\Phillipe_Comtois_0001.jpg,Richard_Carl\Richard_Carl_0001.jpg,0
Nancy_Pelosi\Nancy_Pelosi_0013.jpg,Nancy_Pelosi\Nancy_Pelosi_0014.jpg,1
Camille_Lewis\Camille_Lewis_0001.jpg,Keith_Lockhart\Keith_Lockhart_0001.jpg,0
Barzan_al-Tikriti\Barzan_al-Tikriti_0001.jpg,Jim_Haslett\Jim_Haslett_0001.jpg,0
Nick_Reilly\Nick_Reilly_0001.jpg,Tassos_Papadopoulos\Tassos_Papadopoulos_0001.jpg,0
Priscilla_Presley\Priscilla_Presley_0001.jpg,Priscilla_Presley\Priscilla_Presley_0002.jpg,1
Albert_Costa\Albert_Costa_0002.jpg,Albert_Costa\Albert_Costa_0006.jpg,1
Joe_Nichols\Joe_Nichols_0001.jpg,Joe_Nichols\Joe_Nichols_0003.jpg,1
Ronaldo_Luis_Nazario_de_Lima\Ronaldo_Luis_Nazario_de_Lima_0001.jpg,Ronaldo_Luis_Nazario_de_Lima\Ronaldo_Luis_Nazario_de_Lima_0004.jpg,1
Assad_Ahmadi\Assad_Ahmadi_0001.jpg,Jose_Cevallos\Jose_Cevallos_0001.jpg,0
Sean_Penn\Sean_Penn_0002.jpg,Sean_Penn\Sean_Penn_0003.jpg,1
Bill_Frist\Bill_Frist_0001.jpg,Bill_Frist\Bill_Frist_0003.jpg,1
Allison_Searing\Allison_Searing_0001.jpg,Phillip_Fulmer\Phillip_Fulmer_0001.jpg,0
Grace_Kelly\Grace_Kelly_0001.jpg,Leslie_Moonves\Leslie_Moonves_0001.jpg,0
Melissa_Etheridge\Melissa_Etheridge_0001.jpg,Melissa_Etheridge\Melissa_Etheridge_0002.jpg,1
Brandon_Larson\Brandon_Larson_0001.jpg,James_Williams\James_Williams_0001.jpg,0
Sheila_Taormina\Sheila_Taormina_0001.jpg,Stephan_Eberharter\Stephan_Eberharter_0001.jpg,0
Melissa_Etheridge\Melissa_Etheridge_0002.jpg,Teri_Files\Teri_Files_0001.jpg,0
Jean-Pierre_Raffarin\Jean-Pierre_Raffarin_0006.jpg,Paul_Kariya\Paul_Kariya_0001.jpg,0
Vincent_Brooks\Vincent_Brooks_0001.jpg,Vincent_Brooks\Vincent_Brooks_0002.jpg,1
Jeffrey_Pfeffer\Jeffrey_Pfeffer_0001.jpg,Terry_Lynn_Barton\Terry_Lynn_Barton_0001.jpg,0
Kevin_Hearn\Kevin_Hearn_0001.jpg,Todd_Haynes\Todd_Haynes_0003.jpg,0
Elin_Nordegren\Elin_Nordegren_0001.jpg,Elin_Nordegren\Elin_Nordegren_0002.jpg,1
William_Macy\William_Macy_0002.jpg,William_Macy\William_Macy_0003.jpg,1
Justine_Henin\Justine_Henin_0001.jpg,Justine_Henin\Justine_Henin_0003.jpg,1
Angelo_Reyes\Angelo_Reyes_0001.jpg,Angelo_Reyes\Angelo_Reyes_0002.jpg,1
Kim_Yong-il\Kim_Yong-il_0001.jpg,Kim_Yong-il\Kim_Yong-il_0002.jpg,1
Calvin_Joseph_Coleman\Calvin_Joseph_Coleman_0001.jpg,Victor_Garber\Victor_Garber_0001.jpg,0
Geraldine_Chaplin\Geraldine_Chaplin_0001.jpg,Geraldine_Chaplin\Geraldine_Chaplin_0003.jpg,1
Elin_Nordegren\Elin_Nordegren_0001.jpg,Fredric_Seaman\Fredric_Seaman_0001.jpg,0
Richard_Shelby\Richard_Shelby_0001.jpg,Richard_Shelby\Richard_Shelby_0002.jpg,1
Horst_Koehler\Horst_Koehler_0001.jpg,Horst_Koehler\Horst_Koehler_0003.jpg,1
Kristin_Davis\Kristin_Davis_0003.jpg,Steven_Van_Zandt\Steven_Van_Zandt_0001.jpg,0
Rebecca_Romijn-Stamos\Rebecca_Romijn-Stamos_0003.jpg,Rebecca_Romijn-Stamos\Rebecca_Romijn-Stamos_0004.jpg,1
Daniel_Comisso_Urdaneta\Daniel_Comisso_Urdaneta_0001.jpg,Jean-Marc_de_La_Sabliere\Jean-Marc_de_La_Sabliere_0001.jpg,0
Angela_Mascia-Frye\Angela_Mascia-Frye_0001.jpg,Derrick_Taylor\Derrick_Taylor_0001.jpg,0
Bill_McBride\Bill_McBride_0008.jpg,John_Rowland\John_Rowland_0001.jpg,0
Julie_Gerberding\Julie_Gerberding_0008.jpg,Julie_Gerberding\Julie_Gerberding_0012.jpg,1
Mitchell_McLaughlin\Mitchell_McLaughlin_0001.jpg,Timothy_Goebel\Timothy_Goebel_0001.jpg,0
Sean_Astin\Sean_Astin_0001.jpg,Sean_Astin\Sean_Astin_0002.jpg,1
Jimmy_Carter\Jimmy_Carter_0001.jpg,Jimmy_Carter\Jimmy_Carter_0009.jpg,1
Susan_Whelan\Susan_Whelan_0001.jpg,Wolfgang_Schneiderhan\Wolfgang_Schneiderhan_0001.jpg,0
Colleen_OClair\Colleen_OClair_0001.jpg,Kim_Hong-gul\Kim_Hong-gul_0001.jpg,0
Dan_Bylsma\Dan_Bylsma_0001.jpg,Jim_Parque\Jim_Parque_0001.jpg,0
Jorge_Quiroga\Jorge_Quiroga_0001.jpg,Surakait_Sathirathai\Surakait_Sathirathai_0001.jpg,0
Edward_James_Olmos\Edward_James_Olmos_0001.jpg,Jesse_Harris\Jesse_Harris_0003.jpg,0
John_Negroponte\John_Negroponte_0004.jpg,John_Negroponte\John_Negroponte_0017.jpg,1
Anne_McLellan\Anne_McLellan_0002.jpg,Roman_Tam\Roman_Tam_0001.jpg,0
Jan_Ullrich\Jan_Ullrich_0001.jpg,William_Rehnquist\William_Rehnquist_0001.jpg,0
Bill_Frist\Bill_Frist_0004.jpg,Donald_Pettit\Donald_Pettit_0002.jpg,0
Amanda_Bynes\Amanda_Bynes_0001.jpg,Amanda_Bynes\Amanda_Bynes_0004.jpg,1
Andrew_Shutley\Andrew_Shutley_0001.jpg,Charles_Taylor\Charles_Taylor_0007.jpg,0
John_Bolton\John_Bolton_0005.jpg,John_Bolton\John_Bolton_0013.jpg,1
Cristina_Torrens_Valero\Cristina_Torrens_Valero_0001.jpg,Damarius_Bilbo\Damarius_Bilbo_0001.jpg,0
Martha_Stewart\Martha_Stewart_0001.jpg,Martha_Stewart\Martha_Stewart_0002.jpg,1
James_Maguire\James_Maguire_0001.jpg,James_Maguire\James_Maguire_0002.jpg,1
Bill_Kollar\Bill_Kollar_0001.jpg,Phillip_Seymor_Hoffmann\Phillip_Seymor_Hoffmann_0001.jpg,0
Brad_Miller\Brad_Miller_0001.jpg,Chris_Noth\Chris_Noth_0001.jpg,0
Edward_Lu\Edward_Lu_0002.jpg,Edward_Lu\Edward_Lu_0004.jpg,1
Frank_Van_Ecke\Frank_Van_Ecke_0001.jpg,Gary_Gero\Gary_Gero_0001.jpg,0
Beecher_Ray_Kirby\Beecher_Ray_Kirby_0001.jpg,Hashan_Tillakaratne\Hashan_Tillakaratne_0001.jpg,0
Martin_Sheen\Martin_Sheen_0001.jpg,Martin_Sheen\Martin_Sheen_0002.jpg,1
Flavia_Pennetta\Flavia_Pennetta_0001.jpg,Mikulas_Dzurinda\Mikulas_Dzurinda_0002.jpg,0
Barry_Williams\Barry_Williams_0001.jpg,Richard_Langille\Richard_Langille_0001.jpg,0
Colleen_Ryan\Colleen_Ryan_0001.jpg,Noah_Wyle\Noah_Wyle_0002.jpg,0
Arlen_Specter\Arlen_Specter_0001.jpg,Arlen_Specter\Arlen_Specter_0003.jpg,1
William_Burns\William_Burns_0001.jpg,William_Burns\William_Burns_0002.jpg,1
Annie_Chaplin\Annie_Chaplin_0001.jpg,Michael_Keaton\Michael_Keaton_0001.jpg,0
Edward_Belvin\Edward_Belvin_0001.jpg,William_Harrison\William_Harrison_0001.jpg,0
Kim_Yong-il\Kim_Yong-il_0002.jpg,Terri_Clark\Terri_Clark_0001.jpg,0
Allyson_Felix\Allyson_Felix_0002.jpg,Allyson_Felix\Allyson_Felix_0005.jpg,1
Ascencion_Barajas\Ascencion_Barajas_0001.jpg,Marissa_Jaret_Winokur\Marissa_Jaret_Winokur_0002.jpg,0
Carson_Daly\Carson_Daly_0001.jpg,Matthew_During\Matthew_During_0001.jpg,0
Felipe_Perez_Roque\Felipe_Perez_Roque_0001.jpg,Felipe_Perez_Roque\Felipe_Perez_Roque_0004.jpg,1
Muhammad_Ali\Muhammad_Ali_0004.jpg,Muhammad_Ali\Muhammad_Ali_0007.jpg,1
Carla_Del_Ponte\Carla_Del_Ponte_0004.jpg,Carla_Del_Ponte\Carla_Del_Ponte_0005.jpg,1
Amy_Gale\Amy_Gale_0001.jpg,Frank_Murkowski\Frank_Murkowski_0001.jpg,0
Joe_Nichols\Joe_Nichols_0003.jpg,Joe_Nichols\Joe_Nichols_0004.jpg,1
Bill_McBride\Bill_McBride_0003.jpg,Bill_McBride\Bill_McBride_0009.jpg,1
Robert_Redford\Robert_Redford_0002.jpg,Robert_Redford\Robert_Redford_0003.jpg,1
Vaclav_Havel\Vaclav_Havel_0001.jpg,Vaclav_Havel\Vaclav_Havel_0006.jpg,1
Michael_Jackson\Michael_Jackson_0002.jpg,Michael_Jackson\Michael_Jackson_0008.jpg,1
James_Butts\James_Butts_0001.jpg,James_Butts\James_Butts_0002.jpg,1
Brandon_Lloyd\Brandon_Lloyd_0001.jpg,Zach_Parise\Zach_Parise_0001.jpg,0
Annette_Lu\Annette_Lu_0001.jpg,Annette_Lu\Annette_Lu_0002.jpg,1
Brandon_Robinson\Brandon_Robinson_0001.jpg,Mitchell_Garabedian\Mitchell_Garabedian_0001.jpg,0
James_Lockhart\James_Lockhart_0001.jpg,Lisa_Girman\Lisa_Girman_0001.jpg,0
Jim_Hahn\Jim_Hahn_0004.jpg,Vaclav_Havel\Vaclav_Havel_0003.jpg,0
Nathalie_Gagnon\Nathalie_Gagnon_0001.jpg,Rupert_Grint\Rupert_Grint_0002.jpg,0
Bill_Sizemore\Bill_Sizemore_0001.jpg,Calista_Flockhart\Calista_Flockhart_0003.jpg,0
Priscilla_Presley\Priscilla_Presley_0001.jpg,Sergey_Lavrov\Sergey_Lavrov_0005.jpg,0
Nicolas_Sarkozy\Nicolas_Sarkozy_0001.jpg,Shanna_Zolman\Shanna_Zolman_0001.jpg,0
Eliott_Spitzer\Eliott_Spitzer_0001.jpg,Jerry_Bruckheimer\Jerry_Bruckheimer_0001.jpg,0
Rick_Romley\Rick_Romley_0001.jpg,Rick_Romley\Rick_Romley_0002.jpg,1
Coleen_Rowley\Coleen_Rowley_0001.jpg,Courtney_Love\Courtney_Love_0001.jpg,0
Keith_Osik\Keith_Osik_0001.jpg,Robert_Nardelli\Robert_Nardelli_0001.jpg,0
Matthias_Sammer\Matthias_Sammer_0001.jpg,Robbie_Naish\Robbie_Naish_0001.jpg,0
Jeane_Kirkpatrick\Jeane_Kirkpatrick_0001.jpg,Richard_Carl\Richard_Carl_0001.jpg,0
Johnny_Carson\Johnny_Carson_0001.jpg,Johnny_Carson\Johnny_Carson_0002.jpg,1
Charley_Armey\Charley_Armey_0001.jpg,Jose_Cevallos\Jose_Cevallos_0001.jpg,0
Jean-Marc_de_La_Sabliere\Jean-Marc_de_La_Sabliere_0001.jpg,Jean-Marc_de_La_Sabliere\Jean-Marc_de_La_Sabliere_0002.jpg,1
Tom_Cruise\Tom_Cruise_0004.jpg,Tom_Cruise\Tom_Cruise_0009.jpg,1
Alan_Greenspan\Alan_Greenspan_0001.jpg,Alan_Greenspan\Alan_Greenspan_0005.jpg,1
Robert_Redford\Robert_Redford_0002.jpg,Robert_Redford\Robert_Redford_0005.jpg,1
Thaksin_Shinawatra\Thaksin_Shinawatra_0003.jpg,Thaksin_Shinawatra\Thaksin_Shinawatra_0006.jpg,1
Charles_Taylor\Charles_Taylor_0003.jpg,Charles_Taylor\Charles_Taylor_0009.jpg,1
Jack_Grubman\Jack_Grubman_0001.jpg,Jack_Grubman\Jack_Grubman_0002.jpg,1
John_Walsh\John_Walsh_0001.jpg,John_Walsh\John_Walsh_0002.jpg,1
Imad_Moustapha\Imad_Moustapha_0001.jpg,Will_Ofenheusle\Will_Ofenheusle_0001.jpg,0
Mike_Helton\Mike_Helton_0002.jpg,Reggie_Lewis\Reggie_Lewis_0001.jpg,0
Ann_Veneman\Ann_Veneman_0001.jpg,Ann_Veneman\Ann_Veneman_0002.jpg,1
Brooke_Adams\Brooke_Adams_0001.jpg,Hussam_Mohammed_Amin\Hussam_Mohammed_Amin_0001.jpg,0
Terry_McAuliffe\Terry_McAuliffe_0001.jpg,Terry_McAuliffe\Terry_McAuliffe_0002.jpg,1
Candice_Bergen\Candice_Bergen_0001.jpg,Candice_Bergen\Candice_Bergen_0003.jpg,1
Kristen_Breitweiser\Kristen_Breitweiser_0001.jpg,Kristen_Breitweiser\Kristen_Breitweiser_0002.jpg,1
Mirela_Manjani\Mirela_Manjani_0001.jpg,Robert_Woody_Johnson\Robert_Woody_Johnson_0001.jpg,0
Dick_Vermeil\Dick_Vermeil_0001.jpg,Dick_Vermeil\Dick_Vermeil_0002.jpg,1
Christian_Longo\Christian_Longo_0001.jpg,Christian_Longo\Christian_Longo_0003.jpg,1
Fred_Durst\Fred_Durst_0001.jpg,Tara_Reid\Tara_Reid_0001.jpg,0
Francis_Ricciardone\Francis_Ricciardone_0001.jpg,Gene_Sauers\Gene_Sauers_0001.jpg,0
Al_Pacino\Al_Pacino_0001.jpg,Al_Pacino\Al_Pacino_0002.jpg,1
Masum_Turker\Masum_Turker_0001.jpg,Norman_Mineta\Norman_Mineta_0001.jpg,0
Bono\Bono_0002.jpg,Se_Hyuk_Joo\Se_Hyuk_Joo_0001.jpg,0
AJ_Lamas\AJ_Lamas_0001.jpg,Zach_Safrin\Zach_Safrin_0001.jpg,0
Charles_Cope\Charles_Cope_0001.jpg,John_Franco\John_Franco_0001.jpg,0
Don_Carcieri\Don_Carcieri_0001.jpg,Jane_Rooney\Jane_Rooney_0001.jpg,0
Carlos_Manuel_Pruneda\Carlos_Manuel_Pruneda_0001.jpg,Claudia_Coslovich\Claudia_Coslovich_0001.jpg,0
Buddy_Ryan\Buddy_Ryan_0001.jpg,Laurel_Clark\Laurel_Clark_0001.jpg,0
Norman_Mailer\Norman_Mailer_0001.jpg,Steven_Curtis_Chapman\Steven_Curtis_Chapman_0001.jpg,0
Giuseppe_Gibilisco\Giuseppe_Gibilisco_0003.jpg,Giuseppe_Gibilisco\Giuseppe_Gibilisco_0004.jpg,1
Kamal_Kharrazi\Kamal_Kharrazi_0003.jpg,Kamal_Kharrazi\Kamal_Kharrazi_0005.jpg,1
Dominique_de_Villepin\Dominique_de_Villepin_0013.jpg,Hanns_Schumacher\Hanns_Schumacher_0001.jpg,0
Ghassan_Elashi\Ghassan_Elashi_0001.jpg,Peter_Rasch\Peter_Rasch_0001.jpg,0
Heidi_Fleiss\Heidi_Fleiss_0001.jpg,Heidi_Fleiss\Heidi_Fleiss_0004.jpg,1
Jerry_Jones\Jerry_Jones_0001.jpg,Robert_Woody_Johnson\Robert_Woody_Johnson_0001.jpg,0
Denise_van_Outen\Denise_van_Outen_0001.jpg,Kevin_Satterfield\Kevin_Satterfield_0001.jpg,0
James_Franco\James_Franco_0002.jpg,Lokendra_Bahadur_Chand\Lokendra_Bahadur_Chand_0001.jpg,0
Abdul_Majeed_Shobokshi\Abdul_Majeed_Shobokshi_0001.jpg,Charles_Cope\Charles_Cope_0001.jpg,0
Jacques_Chirac\Jacques_Chirac_0031.jpg,Jacques_Chirac\Jacques_Chirac_0052.jpg,1
Kurt_Hellstrom\Kurt_Hellstrom_0001.jpg,Manuel_Pellegrini\Manuel_Pellegrini_0001.jpg,0
Laura_Linney\Laura_Linney_0001.jpg,Laura_Linney\Laura_Linney_0003.jpg,1
Cecilia_Chang\Cecilia_Chang_0001.jpg,Jeffery_Hendren\Jeffery_Hendren_0001.jpg,0
Howard_Smith\Howard_Smith_0002.jpg,Tim_Pawlenty\Tim_Pawlenty_0001.jpg,0
Paul_Schrader\Paul_Schrader_0001.jpg,Teri_Files\Teri_Files_0001.jpg,0
Marcelo_Rios\Marcelo_Rios_0001.jpg,Marcelo_Rios\Marcelo_Rios_0004.jpg,1
Jennifer_Keller\Jennifer_Keller_0002.jpg,Jennifer_Keller\Jennifer_Keller_0004.jpg,1
Dai_Bachtiar\Dai_Bachtiar_0001.jpg,Dai_Bachtiar\Dai_Bachtiar_0002.jpg,1
Thabo_Mbeki\Thabo_Mbeki_0004.jpg,Thabo_Mbeki\Thabo_Mbeki_0005.jpg,1
Tomoko_Hagiwara\Tomoko_Hagiwara_0001.jpg,Tomoko_Hagiwara\Tomoko_Hagiwara_0002.jpg,1
Dennis_Kozlowski\Dennis_Kozlowski_0002.jpg,Wendy_Selig\Wendy_Selig_0001.jpg,0
Victoria_Beckham\Victoria_Beckham_0002.jpg,Victoria_Beckham\Victoria_Beckham_0003.jpg,1
Jennifer_Capriati\Jennifer_Capriati_0003.jpg,Jennifer_Capriati\Jennifer_Capriati_0013.jpg,1
Tim_Curry\Tim_Curry_0001.jpg,Tim_Curry\Tim_Curry_0002.jpg,1
Robert_Mueller\Robert_Mueller_0001.jpg,Robert_Mueller\Robert_Mueller_0003.jpg,1
Adam_Kennedy\Adam_Kennedy_0001.jpg,Amelie_Mauresmo\Amelie_Mauresmo_0019.jpg,0
Susie_Castillo\Susie_Castillo_0001.jpg,Susie_Castillo\Susie_Castillo_0002.jpg,1
Eric_Lindros\Eric_Lindros_0001.jpg,Melvin_Talbert\Melvin_Talbert_0001.jpg,0
Elisabeth_Welch\Elisabeth_Welch_0001.jpg,Francisco_Maturana\Francisco_Maturana_0001.jpg,0
Bing_Crosby\Bing_Crosby_0001.jpg,Eric_Bana\Eric_Bana_0001.jpg,0
Rod_Stewart\Rod_Stewart_0003.jpg,Se_Hyuk_Joo\Se_Hyuk_Joo_0001.jpg,0
Tatiana_Kennedy_Schlossberg\Tatiana_Kennedy_Schlossberg_0001.jpg,Thomas_Watjen\Thomas_Watjen_0001.jpg,0
Chris_Andrews\Chris_Andrews_0001.jpg,Elinor_Caplan\Elinor_Caplan_0002.jpg,0
Luis_Pujols\Luis_Pujols_0001.jpg,Rohman_al-Ghozi\Rohman_al-Ghozi_0001.jpg,0
Janica_Kostelic\Janica_Kostelic_0001.jpg,Janica_Kostelic\Janica_Kostelic_0002.jpg,1
Denzel_Washington\Denzel_Washington_0001.jpg,Denzel_Washington\Denzel_Washington_0003.jpg,1
Albert_Costa\Albert_Costa_0004.jpg,Albert_Costa\Albert_Costa_0006.jpg,1
Svetlana_Koroleva\Svetlana_Koroleva_0001.jpg,Svetlana_Koroleva\Svetlana_Koroleva_0002.jpg,1
Ann_Veneman\Ann_Veneman_0008.jpg,Ann_Veneman\Ann_Veneman_0009.jpg,1
Lisa_Murkowski\Lisa_Murkowski_0001.jpg,Svetlana_Belousova\Svetlana_Belousova_0001.jpg,0
Christian_Wulff\Christian_Wulff_0001.jpg,Christian_Wulff\Christian_Wulff_0002.jpg,1
Leonard_Glick\Leonard_Glick_0001.jpg,Terrence_Trammell\Terrence_Trammell_0001.jpg,0
John_Bolton\John_Bolton_0011.jpg,John_Bolton\John_Bolton_0014.jpg,1
Todd_Petit\Todd_Petit_0001.jpg,Vicente_Fernandez\Vicente_Fernandez_0003.jpg,0
Gunilla_Backman\Gunilla_Backman_0001.jpg,Ray_Sherman\Ray_Sherman_0001.jpg,0
Ali_Naimi\Ali_Naimi_0003.jpg,Ali_Naimi\Ali_Naimi_0004.jpg,1
Stefano_Gabbana\Stefano_Gabbana_0001.jpg,Tang_Jiaxuan\Tang_Jiaxuan_0003.jpg,0
Jean-Pierre_Raffarin\Jean-Pierre_Raffarin_0002.jpg,Jean-Pierre_Raffarin\Jean-Pierre_Raffarin_0006.jpg,1
Rod_Blagojevich\Rod_Blagojevich_0001.jpg,Rod_Blagojevich\Rod_Blagojevich_0002.jpg,1
Donald_Pettit\Donald_Pettit_0003.jpg,Michel_Kratochvil\Michel_Kratochvil_0001.jpg,0
Takeo_Fukui\Takeo_Fukui_0001.jpg,Will_Ofenheusle\Will_Ofenheusle_0001.jpg,0
Alejandro_Atchugarry\Alejandro_Atchugarry_0001.jpg,Alejandro_Atchugarry\Alejandro_Atchugarry_0002.jpg,1
Bridget_Fonda\Bridget_Fonda_0001.jpg,Bridget_Fonda\Bridget_Fonda_0003.jpg,1
Georgi_Parvanov\Georgi_Parvanov_0001.jpg,Georgi_Parvanov\Georgi_Parvanov_0002.jpg,1
Gideon_Yago\Gideon_Yago_0001.jpg,Robert_Gordon_Card\Robert_Gordon_Card_0001.jpg,0
Allison_Searing\Allison_Searing_0001.jpg,Amy_Gale\Amy_Gale_0001.jpg,0
Izzat_Ibrahim\Izzat_Ibrahim_0001.jpg,Tina_Sinatra\Tina_Sinatra_0001.jpg,0
Marcelo_Rios\Marcelo_Rios_0002.jpg,Marcelo_Rios\Marcelo_Rios_0004.jpg,1
Ronaldo_Luis_Nazario_de_Lima\Ronaldo_Luis_Nazario_de_Lima_0001.jpg,Samuel_Waksal\Samuel_Waksal_0002.jpg,0
Richard_Gere\Richard_Gere_0006.jpg,Richard_Gere\Richard_Gere_0010.jpg,1
Jennifer_Keller\Jennifer_Keller_0003.jpg,Jennifer_Keller\Jennifer_Keller_0004.jpg,1
Greg_Gilbert\Greg_Gilbert_0001.jpg,Greg_Gilbert\Greg_Gilbert_0002.jpg,1
Osama_bin_Laden\Osama_bin_Laden_0002.jpg,Osama_bin_Laden\Osama_bin_Laden_0004.jpg,1
Christine_Todd_Whitman\Christine_Todd_Whitman_0005.jpg,Neil_Goldman\Neil_Goldman_0001.jpg,0
Patti_Labelle\Patti_Labelle_0001.jpg,Patti_Labelle\Patti_Labelle_0002.jpg,1
Rick_Caruso\Rick_Caruso_0001.jpg,Steve_Wariner\Steve_Wariner_0001.jpg,0
Paul_Burrell\Paul_Burrell_0005.jpg,Paul_Burrell\Paul_Burrell_0011.jpg,1
Adriana_Lima\Adriana_Lima_0001.jpg,Terrence_Trammell\Terrence_Trammell_0001.jpg,0
Stefano_Accorsi\Stefano_Accorsi_0001.jpg,Stefano_Accorsi\Stefano_Accorsi_0002.jpg,1
Karen_Allen\Karen_Allen_0001.jpg,Rick_Bragg\Rick_Bragg_0001.jpg,0
Darvis_Patton\Darvis_Patton_0001.jpg,Estelle_Morris\Estelle_Morris_0001.jpg,0
Anna_Nicole_Smith\Anna_Nicole_Smith_0001.jpg,Tony_Shalhoub\Tony_Shalhoub_0004.jpg,0
Jorge_Castaneda\Jorge_Castaneda_0001.jpg,Jorge_Castaneda\Jorge_Castaneda_0002.jpg,1
Reese_Witherspoon\Reese_Witherspoon_0001.jpg,Reese_Witherspoon\Reese_Witherspoon_0002.jpg,1
Tommy_Haas\Tommy_Haas_0002.jpg,Tommy_Haas\Tommy_Haas_0003.jpg,1
Warren_Beatty\Warren_Beatty_0001.jpg,Warren_Beatty\Warren_Beatty_0002.jpg,1
Elsa_Zylberstein\Elsa_Zylberstein_0001.jpg,Elsa_Zylberstein\Elsa_Zylberstein_0002.jpg,1
Susan_Collins\Susan_Collins_0001.jpg,Susan_Collins\Susan_Collins_0002.jpg,1
Astou_Ndiaye-Diatta\Astou_Ndiaye-Diatta_0001.jpg,Scott_Yates\Scott_Yates_0001.jpg,0
Lloyd_Ward\Lloyd_Ward_0001.jpg,Lloyd_Ward\Lloyd_Ward_0002.jpg,1
Gerard_Tronche\Gerard_Tronche_0001.jpg,Jana_Pittman\Jana_Pittman_0001.jpg,0
Elinor_Caplan\Elinor_Caplan_0001.jpg,Henning_Scherf\Henning_Scherf_0001.jpg,0
Jorge_Quiroga\Jorge_Quiroga_0001.jpg,Ramona_Rispton\Ramona_Rispton_0001.jpg,0
King_Abdullah_II\King_Abdullah_II_0001.jpg,King_Abdullah_II\King_Abdullah_II_0003.jpg,1
Mary_Landrieu\Mary_Landrieu_0001.jpg,Mary_Landrieu\Mary_Landrieu_0003.jpg,1
Luciano_Pavarotti\Luciano_Pavarotti_0001.jpg,Luciano_Pavarotti\Luciano_Pavarotti_0003.jpg,1
Gwyneth_Paltrow\Gwyneth_Paltrow_0005.jpg,Mike_Richter\Mike_Richter_0001.jpg,0
Mary_Landrieu\Mary_Landrieu_0001.jpg,Robert_Gordon_Card\Robert_Gordon_Card_0001.jpg,0
Abdullah_Gul\Abdullah_Gul_0016.jpg,Steve_Cox\Steve_Cox_0001.jpg,0
Jean-Claude_Juncker\Jean-Claude_Juncker_0001.jpg,Jean-Claude_Juncker\Jean-Claude_Juncker_0002.jpg,1
Don_King\Don_King_0001.jpg,Tab_Baldwin\Tab_Baldwin_0001.jpg,0
Hubie_Brown\Hubie_Brown_0001.jpg,Yoon_Jeong_Cho\Yoon_Jeong_Cho_0001.jpg,0
Frank_Cassell\Frank_Cassell_0001.jpg,Frank_Cassell\Frank_Cassell_0002.jpg,1
Courtney_Love\Courtney_Love_0001.jpg,Tsutomu_Takebe\Tsutomu_Takebe_0001.jpg,0
Fred_Durst\Fred_Durst_0001.jpg,Patricia_Phillips\Patricia_Phillips_0001.jpg,0
Margie_Puente\Margie_Puente_0001.jpg,Rafiq_Hariri\Rafiq_Hariri_0001.jpg,0
Joe_Mantello\Joe_Mantello_0001.jpg,Joe_Mantello\Joe_Mantello_0002.jpg,1
Frank_Sinatra\Frank_Sinatra_0001.jpg,Vicente_Fox\Vicente_Fox_0023.jpg,0
Gray_Davis\Gray_Davis_0013.jpg,Gray_Davis\Gray_Davis_0023.jpg,1
Edith_Masai\Edith_Masai_0001.jpg,Idi_Amin\Idi_Amin_0001.jpg,0
James_Franco\James_Franco_0001.jpg,James_Franco\James_Franco_0002.jpg,1
Julio_Cesar_Chavez\Julio_Cesar_Chavez_0001.jpg,Marc_Racicot\Marc_Racicot_0001.jpg,0
Dan_Ackroyd\Dan_Ackroyd_0001.jpg,Nikki_Teasley\Nikki_Teasley_0001.jpg,0
Ralf_Schumacher\Ralf_Schumacher_0001.jpg,Ralf_Schumacher\Ralf_Schumacher_0006.jpg,1
James_Kopp\James_Kopp_0002.jpg,James_Kopp\James_Kopp_0003.jpg,1
Pierce_Brosnan\Pierce_Brosnan_0007.jpg,Pierce_Brosnan\Pierce_Brosnan_0008.jpg,1
Richard_Gere\Richard_Gere_0001.jpg,Richard_Gere\Richard_Gere_0010.jpg,1
Daniel_Zelman\Daniel_Zelman_0001.jpg,David_Surrett\David_Surrett_0001.jpg,0
Camille_Lewis\Camille_Lewis_0001.jpg,Melissa_Etheridge\Melissa_Etheridge_0001.jpg,0
Abdullah_Gul\Abdullah_Gul_0013.jpg,Abdullah_Gul\Abdullah_Gul_0014.jpg,1
Tang_Jiaxuan\Tang_Jiaxuan_0001.jpg,Tang_Jiaxuan\Tang_Jiaxuan_0011.jpg,1
George_Robertson\George_Robertson_0005.jpg,George_Robertson\George_Robertson_0020.jpg,1
Bono\Bono_0001.jpg,Bono\Bono_0003.jpg,1
Matthew_Broderick\Matthew_Broderick_0001.jpg,Matthew_Broderick\Matthew_Broderick_0004.jpg,1
Mohamed_ElBaradei\Mohamed_ElBaradei_0003.jpg,Mohamed_ElBaradei\Mohamed_ElBaradei_0006.jpg,1
Gerry_Adams\Gerry_Adams_0005.jpg,Gerry_Adams\Gerry_Adams_0008.jpg,1
Vicente_Fernandez\Vicente_Fernandez_0002.jpg,Vicente_Fernandez\Vicente_Fernandez_0005.jpg,1
Charla_Moye\Charla_Moye_0001.jpg,Robert_Nillson\Robert_Nillson_0001.jpg,0
Park_Jie-won\Park_Jie-won_0001.jpg,Steve_Patterson\Steve_Patterson_0001.jpg,0
Gary_Leon_Ridgway\Gary_Leon_Ridgway_0001.jpg,Lisa_Raymond\Lisa_Raymond_0001.jpg,0
Ann_Godbehere\Ann_Godbehere_0001.jpg,Paul_Newman\Paul_Newman_0001.jpg,0
Tony_Shalhoub\Tony_Shalhoub_0001.jpg,Tony_Shalhoub\Tony_Shalhoub_0004.jpg,1
Dariusz_Michalczewski\Dariusz_Michalczewski_0001.jpg,Julien_Boutter\Julien_Boutter_0001.jpg,0
Tamara_Mowry\Tamara_Mowry_0001.jpg,Zach_Parise\Zach_Parise_0001.jpg,0
James_Ivory\James_Ivory_0001.jpg,Paul_Martin\Paul_Martin_0007.jpg,0
Al_Davis\Al_Davis_0002.jpg,Dennis_Powell\Dennis_Powell_0001.jpg,0
Filip_De_Winter\Filip_De_Winter_0001.jpg,Sue_Grafton\Sue_Grafton_0001.jpg,0
Lena_Katina\Lena_Katina_0001.jpg,Queen_Noor\Queen_Noor_0001.jpg,0
Jean-Claude_Trichet\Jean-Claude_Trichet_0001.jpg,Jean-Claude_Trichet\Jean-Claude_Trichet_0002.jpg,1
Maryn_McKenna\Maryn_McKenna_0001.jpg,Shawn_Marion\Shawn_Marion_0001.jpg,0
Sami_Al-Arian\Sami_Al-Arian_0001.jpg,Tommy_Lasorda\Tommy_Lasorda_0001.jpg,0
Eddie_Sutton\Eddie_Sutton_0001.jpg,George_Maxwell_Richards\George_Maxwell_Richards_0001.jpg,0
Rod_Stewart\Rod_Stewart_0001.jpg,Rod_Stewart\Rod_Stewart_0003.jpg,1
Bob_Iger\Bob_Iger_0001.jpg,Steve_Lavin\Steve_Lavin_0006.jpg,0
Bono\Bono_0001.jpg,Bono\Bono_0002.jpg,1
Paul_Martin\Paul_Martin_0002.jpg,Paul_Martin\Paul_Martin_0004.jpg,1
Thaksin_Shinawatra\Thaksin_Shinawatra_0001.jpg,Thaksin_Shinawatra\Thaksin_Shinawatra_0006.jpg,1
Pedro_Malan\Pedro_Malan_0001.jpg,Pedro_Malan\Pedro_Malan_0004.jpg,1
Gary_Doer\Gary_Doer_0002.jpg,Gary_Doer\Gary_Doer_0003.jpg,1
Koichi_Tanaka\Koichi_Tanaka_0001.jpg,Sterling_Hitchcock\Sterling_Hitchcock_0001.jpg,0
Carey_Lowell\Carey_Lowell_0001.jpg,Helio_Castroneves\Helio_Castroneves_0001.jpg,0
Michael_J_Sheehan\Michael_J_Sheehan_0001.jpg,Michael_Smith_Foster\Michael_Smith_Foster_0001.jpg,0
Sean_Patrick_OMalley\Sean_Patrick_OMalley_0001.jpg,Sean_Patrick_OMalley\Sean_Patrick_OMalley_0003.jpg,1
Isabella_Rossellini\Isabella_Rossellini_0001.jpg,Isabella_Rossellini\Isabella_Rossellini_0002.jpg,1
Anna_Nicole_Smith\Anna_Nicole_Smith_0001.jpg,Anna_Nicole_Smith\Anna_Nicole_Smith_0002.jpg,1
Harvey_Fierstein\Harvey_Fierstein_0001.jpg,Mike_Slive\Mike_Slive_0001.jpg,0
Joaquin_Phoenix\Joaquin_Phoenix_0001.jpg,Kajsa_Bergqvist\Kajsa_Bergqvist_0001.jpg,0
Diane_Green\Diane_Green_0001.jpg,Diane_Green\Diane_Green_0002.jpg,1
Fred_Durst\Fred_Durst_0001.jpg,Rose_Linkins\Rose_Linkins_0001.jpg,0
Tang_Jiaxuan\Tang_Jiaxuan_0001.jpg,Tang_Jiaxuan\Tang_Jiaxuan_0009.jpg,1
Benjamin_McKenzie\Benjamin_McKenzie_0001.jpg,Lisa_Leslie\Lisa_Leslie_0001.jpg,0
Lisa_Raymond\Lisa_Raymond_0002.jpg,Robert_Redford\Robert_Redford_0007.jpg,0
Rod_Thorn\Rod_Thorn_0001.jpg,Yves_Brodeur\Yves_Brodeur_0001.jpg,0
Diane_Green\Diane_Green_0001.jpg,Ruth_Christofferson\Ruth_Christofferson_0001.jpg,0
Enrica_Fico\Enrica_Fico_0001.jpg,Erwin_Abdullah\Erwin_Abdullah_0001.jpg,0
Richard_Pennington\Richard_Pennington_0001.jpg,Stacy_Nelson\Stacy_Nelson_0001.jpg,0
Mikhail_Youzhny\Mikhail_Youzhny_0002.jpg,Mikhail_Youzhny\Mikhail_Youzhny_0003.jpg,1
Cora_Cambell\Cora_Cambell_0001.jpg,Todd_Petit\Todd_Petit_0001.jpg,0
Lawrence_Roberts\Lawrence_Roberts_0001.jpg,Malik_Mahmud\Malik_Mahmud_0001.jpg,0
Lauren_Killian\Lauren_Killian_0001.jpg,Lauren_Killian\Lauren_Killian_0002.jpg,1
Matt_Doherty\Matt_Doherty_0001.jpg,Matt_Doherty\Matt_Doherty_0002.jpg,1
Winona_Ryder\Winona_Ryder_0006.jpg,Winona_Ryder\Winona_Ryder_0015.jpg,1
David_Kelley\David_Kelley_0001.jpg,Gerald_Calabrese\Gerald_Calabrese_0001.jpg,0
Damarius_Bilbo\Damarius_Bilbo_0001.jpg,Janis_Ruth_Coulter\Janis_Ruth_Coulter_0001.jpg,0
Zoran_Djindjic\Zoran_Djindjic_0003.jpg,Zoran_Djindjic\Zoran_Djindjic_0004.jpg,1
Andy_Hebb\Andy_Hebb_0001.jpg,Andy_Hebb\Andy_Hebb_0002.jpg,1
Brian_Cowen\Brian_Cowen_0001.jpg,Brian_Cowen\Brian_Cowen_0002.jpg,1
Gregory_Hines\Gregory_Hines_0001.jpg,Gregory_Hines\Gregory_Hines_0002.jpg,1
Paul_Martin\Paul_Martin_0001.jpg,Stephanie_Cohen_Aloro\Stephanie_Cohen_Aloro_0001.jpg,0
Khader_Rashid_Rahim\Khader_Rashid_Rahim_0001.jpg,Michael_Arif\Michael_Arif_0001.jpg,0
Carly_Gullickson\Carly_Gullickson_0001.jpg,Mike_Helton\Mike_Helton_0002.jpg,0
David_Surrett\David_Surrett_0001.jpg,Oracene_Williams\Oracene_Williams_0001.jpg,0
Ana_Palacio\Ana_Palacio_0001.jpg,Ana_Palacio\Ana_Palacio_0006.jpg,1
Elizabeth_Regan\Elizabeth_Regan_0001.jpg,Pierre_Boulanger\Pierre_Boulanger_0002.jpg,0
Jessica_Biel\Jessica_Biel_0001.jpg,Jim_Freudenberg\Jim_Freudenberg_0001.jpg,0
Jennifer_Capriati\Jennifer_Capriati_0024.jpg,Jennifer_Capriati\Jennifer_Capriati_0029.jpg,1
Edward_Egan\Edward_Egan_0001.jpg,Jim_Abbott\Jim_Abbott_0001.jpg,0
Matt_Doherty\Matt_Doherty_0001.jpg,Matt_Doherty\Matt_Doherty_0003.jpg,1
Monica_Lewinsky\Monica_Lewinsky_0002.jpg,Monica_Lewinsky\Monica_Lewinsky_0003.jpg,1
Jen_Bice\Jen_Bice_0001.jpg,Martha_Burk\Martha_Burk_0002.jpg,0
King_Abdullah_II\King_Abdullah_II_0001.jpg,King_Abdullah_II\King_Abdullah_II_0002.jpg,1
Mohammed_Baqir_al-Hakim\Mohammed_Baqir_al-Hakim_0003.jpg,Neil_Goldman\Neil_Goldman_0001.jpg,0
Miguel_Contreras\Miguel_Contreras_0001.jpg,Miguel_Contreras\Miguel_Contreras_0002.jpg,1
Kevin_Gil\Kevin_Gil_0001.jpg,Mary_Bono\Mary_Bono_0001.jpg,0
Bob_Newhart\Bob_Newhart_0001.jpg,Marina_Canetti\Marina_Canetti_0001.jpg,0
Chris_Noth\Chris_Noth_0001.jpg,Frank_Sinatra\Frank_Sinatra_0001.jpg,0
Justine_Henin\Justine_Henin_0002.jpg,Justine_Henin\Justine_Henin_0003.jpg,1
Dick_Clark\Dick_Clark_0002.jpg,Dick_Clark\Dick_Clark_0003.jpg,1
Ivan_Lee\Ivan_Lee_0001.jpg,Paul-Henri_Mathieu\Paul-Henri_Mathieu_0003.jpg,0
Bill_Frist\Bill_Frist_0003.jpg,Bill_Frist\Bill_Frist_0008.jpg,1
Heather_Mills\Heather_Mills_0003.jpg,Heather_Mills\Heather_Mills_0004.jpg,1
Carlos_Manuel_Pruneda\Carlos_Manuel_Pruneda_0002.jpg,Carlos_Manuel_Pruneda\Carlos_Manuel_Pruneda_0003.jpg,1
Steve_Lavin\Steve_Lavin_0001.jpg,Steve_Lavin\Steve_Lavin_0004.jpg,1
Annie_Chaplin\Annie_Chaplin_0001.jpg,Ion_Tiriac\Ion_Tiriac_0001.jpg,0
Miles_Stewart\Miles_Stewart_0001.jpg,Yasushi_Akashi\Yasushi_Akashi_0001.jpg,0
Fran_Drescher\Fran_Drescher_0002.jpg,William_Martin\William_Martin_0001.jpg,0
Asif_Ali_Zardari\Asif_Ali_Zardari_0001.jpg,Cristina_Torrens_Valero\Cristina_Torrens_Valero_0001.jpg,0
Warren_Buffett\Warren_Buffett_0001.jpg,Warren_Buffett\Warren_Buffett_0003.jpg,1
Adrian_Murrell\Adrian_Murrell_0001.jpg,Tommy_Franks\Tommy_Franks_0015.jpg,0
Anne_Krueger\Anne_Krueger_0002.jpg,Anne_Krueger\Anne_Krueger_0003.jpg,1
Fabiola_Zuluaga\Fabiola_Zuluaga_0001.jpg,Fabiola_Zuluaga\Fabiola_Zuluaga_0002.jpg,1
George_Karl\George_Karl_0001.jpg,George_Karl\George_Karl_0002.jpg,1
James_Kopp\James_Kopp_0001.jpg,James_Kopp\James_Kopp_0003.jpg,1
William_Rehnquist\William_Rehnquist_0001.jpg,William_Rehnquist\William_Rehnquist_0002.jpg,1
Cristina_Torrens_Valero\Cristina_Torrens_Valero_0001.jpg,Etta_James\Etta_James_0001.jpg,0
Gina_Gershon\Gina_Gershon_0001.jpg,Stacey_Dales-Schuman\Stacey_Dales-Schuman_0001.jpg,0
Chang_Jae_On\Chang_Jae_On_0001.jpg,Oracene_Williams\Oracene_Williams_0001.jpg,0
Rod_Stewart\Rod_Stewart_0001.jpg,Tom_Scully\Tom_Scully_0001.jpg,0
Aline_Chretien\Aline_Chretien_0001.jpg,Carlos_Iturgaitz\Carlos_Iturgaitz_0001.jpg,0
Javier_Weber\Javier_Weber_0001.jpg,Javier_Weber\Javier_Weber_0003.jpg,1
Erin_Runnion\Erin_Runnion_0003.jpg,Erin_Runnion\Erin_Runnion_0004.jpg,1
Annette_Lu\Annette_Lu_0001.jpg,Scott_Fawell\Scott_Fawell_0001.jpg,0
Carlos_Moya\Carlos_Moya_0007.jpg,Carlos_Moya\Carlos_Moya_0011.jpg,1
Floyd_Mayweather\Floyd_Mayweather_0001.jpg,Lou_Lang\Lou_Lang_0001.jpg,0
Steve_Zahn\Steve_Zahn_0001.jpg,Tab_Baldwin\Tab_Baldwin_0001.jpg,0
Isabelle_Huppert\Isabelle_Huppert_0001.jpg,Pedro_Solbes\Pedro_Solbes_0001.jpg,0
Jose_Dirceu\Jose_Dirceu_0001.jpg,Jose_Dirceu\Jose_Dirceu_0002.jpg,1
Gregory_Peck\Gregory_Peck_0001.jpg,John_Lawrence\John_Lawrence_0001.jpg,0
Hunter_Bates\Hunter_Bates_0001.jpg,James_Williams\James_Williams_0001.jpg,0
Chris_Byrd\Chris_Byrd_0001.jpg,Chris_Byrd\Chris_Byrd_0002.jpg,1
Pierre_Boulanger\Pierre_Boulanger_0001.jpg,Pierre_Boulanger\Pierre_Boulanger_0002.jpg,1
Patty_Schnyder\Patty_Schnyder_0001.jpg,Patty_Schnyder\Patty_Schnyder_0004.jpg,1
Paul_Michael_Daniels\Paul_Michael_Daniels_0001.jpg,Simon_Chalk\Simon_Chalk_0001.jpg,0
Ashlea_Talbot\Ashlea_Talbot_0001.jpg,Sean_Patrick_Thomas\Sean_Patrick_Thomas_0001.jpg,0
Dominique_de_Villepin\Dominique_de_Villepin_0003.jpg,Dominique_de_Villepin\Dominique_de_Villepin_0005.jpg,1
Donald_Rumsfeld\Donald_Rumsfeld_0041.jpg,Donald_Rumsfeld\Donald_Rumsfeld_0048.jpg,1
Carey_Lowell\Carey_Lowell_0001.jpg,Joshua_Harapko\Joshua_Harapko_0001.jpg,0
Cecilia_Cheung\Cecilia_Cheung_0001.jpg,Kirsten_Clark\Kirsten_Clark_0001.jpg,0
Denzel_Washington\Denzel_Washington_0002.jpg,Denzel_Washington\Denzel_Washington_0004.jpg,1
Martin_Cauchon\Martin_Cauchon_0001.jpg,Martin_Cauchon\Martin_Cauchon_0002.jpg,1
Barbara_Brezigar\Barbara_Brezigar_0001.jpg,Barbara_Brezigar\Barbara_Brezigar_0002.jpg,1
Mikhail_Youzhny\Mikhail_Youzhny_0002.jpg,Vince_Dooley\Vince_Dooley_0001.jpg,0
John_Kerr\John_Kerr_0001.jpg,Susan_Whelan\Susan_Whelan_0001.jpg,0
Jason_Kapono\Jason_Kapono_0001.jpg,Patricia_Medina\Patricia_Medina_0001.jpg,0
Alex_Cabrera\Alex_Cabrera_0001.jpg,Richard_Carl\Richard_Carl_0001.jpg,0
Nancy_Pelosi\Nancy_Pelosi_0002.jpg,Nancy_Pelosi\Nancy_Pelosi_0005.jpg,1
Butch_Davis\Butch_Davis_0001.jpg,Butch_Davis\Butch_Davis_0002.jpg,1
Jennifer_Connelly\Jennifer_Connelly_0001.jpg,Jennifer_Connelly\Jennifer_Connelly_0004.jpg,1
Patrick_Leahy\Patrick_Leahy_0001.jpg,Patrick_Leahy\Patrick_Leahy_0002.jpg,1
Charlie_Sheen\Charlie_Sheen_0001.jpg,Janice_Goldfinger\Janice_Goldfinger_0001.jpg,0
John_Blaney\John_Blaney_0002.jpg,Sam_Brownback\Sam_Brownback_0001.jpg,0
Mireya_Moscoso\Mireya_Moscoso_0002.jpg,Mireya_Moscoso\Mireya_Moscoso_0003.jpg,1
Winona_Ryder\Winona_Ryder_0019.jpg,Winona_Ryder\Winona_Ryder_0021.jpg,1
Salma_Hayek\Salma_Hayek_0001.jpg,Salma_Hayek\Salma_Hayek_0007.jpg,1
Emma_Watson\Emma_Watson_0002.jpg,Emma_Watson\Emma_Watson_0003.jpg,1
Elliott_Mincberg\Elliott_Mincberg_0001.jpg,Gene_Orza\Gene_Orza_0001.jpg,0
Augustin_Calleri\Augustin_Calleri_0001.jpg,Augustin_Calleri\Augustin_Calleri_0004.jpg,1
Todd_Haynes\Todd_Haynes_0001.jpg,Todd_Haynes\Todd_Haynes_0004.jpg,1
Anne_Krueger\Anne_Krueger_0001.jpg,Anne_Krueger\Anne_Krueger_0002.jpg,1
Armando_Avila_Panchame\Armando_Avila_Panchame_0001.jpg,Hamza_Atiya_Muhsen\Hamza_Atiya_Muhsen_0001.jpg,0
Jack_Welch\Jack_Welch_0001.jpg,William_Umbach\William_Umbach_0001.jpg,0
Hassan_Wirajuda\Hassan_Wirajuda_0001.jpg,Hassan_Wirajuda\Hassan_Wirajuda_0002.jpg,1
Kristin_Davis\Kristin_Davis_0001.jpg,Kristin_Davis\Kristin_Davis_0002.jpg,1
Cecilia_Cheung\Cecilia_Cheung_0001.jpg,Simon_Chalk\Simon_Chalk_0001.jpg,0
Marc_Anthony\Marc_Anthony_0001.jpg,Vince_Vaughan\Vince_Vaughan_0001.jpg,0
Mikulas_Dzurinda\Mikulas_Dzurinda_0001.jpg,Mikulas_Dzurinda\Mikulas_Dzurinda_0002.jpg,1
Ernie_Fletcher\Ernie_Fletcher_0001.jpg,Ernie_Fletcher\Ernie_Fletcher_0002.jpg,1
Greg_Ostertag\Greg_Ostertag_0001.jpg,Greg_Ostertag\Greg_Ostertag_0002.jpg,1
Naomi_Campbell\Naomi_Campbell_0001.jpg,Naomi_Campbell\Naomi_Campbell_0002.jpg,1
Leonid_Kuchma\Leonid_Kuchma_0002.jpg,Leonid_Kuchma\Leonid_Kuchma_0003.jpg,1
Gordon_Campbell\Gordon_Campbell_0001.jpg,Pierre_Boulanger\Pierre_Boulanger_0002.jpg,0
Alvaro_Uribe\Alvaro_Uribe_0028.jpg,Alvaro_Uribe\Alvaro_Uribe_0029.jpg,1
Rachel_Griffiths\Rachel_Griffiths_0001.jpg,Rachel_Griffiths\Rachel_Griffiths_0003.jpg,1
Farouk_Kaddoumi\Farouk_Kaddoumi_0001.jpg,Will_Smith\Will_Smith_0002.jpg,0
Festus_Mogae\Festus_Mogae_0001.jpg,Neil_Moritz\Neil_Moritz_0001.jpg,0
Ben_Cohen\Ben_Cohen_0001.jpg,Roger_Etchegaray\Roger_Etchegaray_0001.jpg,0
Caroline_Dhavernas\Caroline_Dhavernas_0001.jpg,James_Smith\James_Smith_0001.jpg,0
Jan_Ullrich\Jan_Ullrich_0002.jpg,Jan_Ullrich\Jan_Ullrich_0005.jpg,1
Lino_Oviedo\Lino_Oviedo_0001.jpg,Lino_Oviedo\Lino_Oviedo_0002.jpg,1
Christine_Todd_Whitman\Christine_Todd_Whitman_0002.jpg,Peter_Rasch\Peter_Rasch_0001.jpg,0
Rick_Perry\Rick_Perry_0006.jpg,Svetlana_Koroleva\Svetlana_Koroleva_0001.jpg,0
Carolyn_Dawn_Johnson\Carolyn_Dawn_Johnson_0002.jpg,Carolyn_Dawn_Johnson\Carolyn_Dawn_Johnson_0003.jpg,1
Shannon_OBrien\Shannon_OBrien_0001.jpg,Shannon_OBrien\Shannon_OBrien_0002.jpg,1
Princess_Diana\Princess_Diana_0001.jpg,Steffi_Graf\Steffi_Graf_0002.jpg,0
Dominique_de_Villepin\Dominique_de_Villepin_0014.jpg,Dominique_de_Villepin\Dominique_de_Villepin_0015.jpg,1
Mikhail_Youzhny\Mikhail_Youzhny_0001.jpg,Mikhail_Youzhny\Mikhail_Youzhny_0002.jpg,1
Claire_De_Gryse\Claire_De_Gryse_0001.jpg,Jim_Parque\Jim_Parque_0001.jpg,0
Felipe_Perez_Roque\Felipe_Perez_Roque_0002.jpg,Lloyd_Ward\Lloyd_Ward_0002.jpg,0
Amanda_Bynes\Amanda_Bynes_0001.jpg,Amanda_Bynes\Amanda_Bynes_0003.jpg,1
Gordon_Brown\Gordon_Brown_0004.jpg,Gordon_Brown\Gordon_Brown_0011.jpg,1
Paul-Henri_Mathieu\Paul-Henri_Mathieu_0001.jpg,Paul-Henri_Mathieu\Paul-Henri_Mathieu_0002.jpg,1
Ismail_Merchant\Ismail_Merchant_0001.jpg,Ismail_Merchant\Ismail_Merchant_0002.jpg,1
Dick_Clark\Dick_Clark_0001.jpg,Dick_Clark\Dick_Clark_0003.jpg,1
Cindy_Taylor\Cindy_Taylor_0001.jpg,Melissa_Joan_Hart\Melissa_Joan_Hart_0001.jpg,0
Karen_Allen\Karen_Allen_0001.jpg,LeRoy_Millette_Jr\LeRoy_Millette_Jr_0001.jpg,0
Martha_Stewart\Martha_Stewart_0002.jpg,Martha_Stewart\Martha_Stewart_0005.jpg,1
Muhammad_Ali\Muhammad_Ali_0006.jpg,Muhammad_Ali\Muhammad_Ali_0009.jpg,1
Chris_Byrd\Chris_Byrd_0001.jpg,Lawrence_Di_Rita\Lawrence_Di_Rita_0001.jpg,0
Alvaro_Uribe\Alvaro_Uribe_0007.jpg,Alvaro_Uribe\Alvaro_Uribe_0010.jpg,1
Mike_Price\Mike_Price_0001.jpg,Mike_Price\Mike_Price_0002.jpg,1
Charlie_Zaa\Charlie_Zaa_0002.jpg,William_Harrison\William_Harrison_0001.jpg,0
Mike_Leach\Mike_Leach_0001.jpg,Thomas_Haeggstroem\Thomas_Haeggstroem_0001.jpg,0
Gregory_Geoffroy\Gregory_Geoffroy_0002.jpg,Paul_Burrell\Paul_Burrell_0011.jpg,0
Scott_McNealy\Scott_McNealy_0001.jpg,Scott_McNealy\Scott_McNealy_0002.jpg,1
Vincent_Brooks\Vincent_Brooks_0002.jpg,Vincent_Brooks\Vincent_Brooks_0006.jpg,1
Ali_Naimi\Ali_Naimi_0001.jpg,Ali_Naimi\Ali_Naimi_0003.jpg,1
Lee_Baca\Lee_Baca_0001.jpg,Pat_Summerall\Pat_Summerall_0001.jpg,0
Christiane_Wulff\Christiane_Wulff_0001.jpg,Paul_Schrader\Paul_Schrader_0001.jpg,0
Dennis_Kozlowski\Dennis_Kozlowski_0002.jpg,James_Ivory\James_Ivory_0001.jpg,0
Barbara_Becker\Barbara_Becker_0001.jpg,Gerhard_Boekel\Gerhard_Boekel_0001.jpg,0
William_Macy\William_Macy_0003.jpg,William_Macy\William_Macy_0005.jpg,1
Bill_Frist\Bill_Frist_0002.jpg,Bill_Frist\Bill_Frist_0007.jpg,1
Mark_Richt\Mark_Richt_0001.jpg,Mark_Richt\Mark_Richt_0003.jpg,1
Paula_Prentiss\Paula_Prentiss_0001.jpg,Thomas_Mesereau_Jr\Thomas_Mesereau_Jr_0001.jpg,0
Donald_Rumsfeld\Donald_Rumsfeld_0028.jpg,Donald_Rumsfeld\Donald_Rumsfeld_0108.jpg,1
Gustavo_Franco\Gustavo_Franco_0001.jpg,Melissa_Joan_Hart\Melissa_Joan_Hart_0001.jpg,0
Eliane_Karp\Eliane_Karp_0002.jpg,Eliane_Karp\Eliane_Karp_0003.jpg,1
Franco_Frattini\Franco_Frattini_0001.jpg,Gholamreza_Aghazadeh\Gholamreza_Aghazadeh_0001.jpg,0
Bono\Bono_0002.jpg,Bono\Bono_0003.jpg,1
Jack_Nicholson\Jack_Nicholson_0002.jpg,Jack_Nicholson\Jack_Nicholson_0003.jpg,1
Alisha_Richman\Alisha_Richman_0001.jpg,Spencer_Abraham\Spencer_Abraham_0009.jpg,0
Mack_Brown\Mack_Brown_0001.jpg,Mack_Brown\Mack_Brown_0002.jpg,1
Mark_Richt\Mark_Richt_0002.jpg,Mark_Richt\Mark_Richt_0003.jpg,1
Ozzy_Osbourne\Ozzy_Osbourne_0001.jpg,Ozzy_Osbourne\Ozzy_Osbourne_0002.jpg,1
Aaron_Tippin\Aaron_Tippin_0001.jpg,Jose_Luis_Rodriguez_Zapatero\Jose_Luis_Rodriguez_Zapatero_0001.jpg,0
Luis_Horna\Luis_Horna_0001.jpg,Luis_Horna\Luis_Horna_0003.jpg,1
Peter_Fitzgerald\Peter_Fitzgerald_0001.jpg,Zelma_Novelo\Zelma_Novelo_0001.jpg,0
Robbie_Fowler\Robbie_Fowler_0001.jpg,Robbie_Fowler\Robbie_Fowler_0002.jpg,1
Hutomo_Mandala_Putra\Hutomo_Mandala_Putra_0001.jpg,Thomas_Mesereau_Jr\Thomas_Mesereau_Jr_0001.jpg,0
Juan_Carlos\Juan_Carlos_0001.jpg,Patricia_Phillips\Patricia_Phillips_0001.jpg,0
Fernando_Vargas\Fernando_Vargas_0002.jpg,Fernando_Vargas\Fernando_Vargas_0004.jpg,1
Barbara_Bach\Barbara_Bach_0001.jpg,Eli_Rosenbaum\Eli_Rosenbaum_0001.jpg,0
Leonard_Schrank\Leonard_Schrank_0001.jpg,Ozzy_Osbourne\Ozzy_Osbourne_0001.jpg,0
Kjell_Magne_Bondevik\Kjell_Magne_Bondevik_0001.jpg,Kjell_Magne_Bondevik\Kjell_Magne_Bondevik_0002.jpg,1
Stan_Heath\Stan_Heath_0001.jpg,Stan_Heath\Stan_Heath_0002.jpg,1
LK_Advani\LK_Advani_0001.jpg,LK_Advani\LK_Advani_0002.jpg,1
Alicia_Keys\Alicia_Keys_0001.jpg,Giannina_Facio\Giannina_Facio_0001.jpg,0
Barbara_Roberts\Barbara_Roberts_0001.jpg,Kirsten_Clark\Kirsten_Clark_0001.jpg,0
Adriana_Perez_Navarro\Adriana_Perez_Navarro_0001.jpg,Jennifer_Capriati\Jennifer_Capriati_0008.jpg,0
John_Belushi\John_Belushi_0001.jpg,Mahima_Chaudhari\Mahima_Chaudhari_0001.jpg,0
Angelo_Reyes\Angelo_Reyes_0002.jpg,Angelo_Reyes\Angelo_Reyes_0003.jpg,1
Jack_Welch\Jack_Welch_0001.jpg,Rick_Dinse\Rick_Dinse_0002.jpg,0
Jeremy_Shockey\Jeremy_Shockey_0001.jpg,Jeremy_Shockey\Jeremy_Shockey_0002.jpg,1
Steve_Wariner\Steve_Wariner_0001.jpg,Toshi_Izawa\Toshi_Izawa_0001.jpg,0
Isaiah_Washington\Isaiah_Washington_0002.jpg,Lee_Baca\Lee_Baca_0001.jpg,0
Jesse_Ventura\Jesse_Ventura_0001.jpg,Jesse_Ventura\Jesse_Ventura_0003.jpg,1
Brandon_Webb\Brandon_Webb_0001.jpg,Teddy_Kollek\Teddy_Kollek_0001.jpg,0
Gary_Doer\Gary_Doer_0001.jpg,Gary_Doer\Gary_Doer_0002.jpg,1
Robert_Redford\Robert_Redford_0007.jpg,Robert_Redford\Robert_Redford_0008.jpg,1
Makhdoom_Amin_Fahim\Makhdoom_Amin_Fahim_0001.jpg,Tang_Jiaxuan\Tang_Jiaxuan_0005.jpg,0
Mike_Maroth\Mike_Maroth_0001.jpg,Stefan_Holm\Stefan_Holm_0001.jpg,0
Latrell_Sprewell\Latrell_Sprewell_0001.jpg,Latrell_Sprewell\Latrell_Sprewell_0002.jpg,1
David_Stern\David_Stern_0003.jpg,David_Stern\David_Stern_0004.jpg,1
Hussam_Mohammed_Amin\Hussam_Mohammed_Amin_0001.jpg,Mike_Smith\Mike_Smith_0001.jpg,0
Ian_Thorpe\Ian_Thorpe_0002.jpg,Ian_Thorpe\Ian_Thorpe_0007.jpg,1
Ann_Veneman\Ann_Veneman_0005.jpg,Ann_Veneman\Ann_Veneman_0011.jpg,1
Amanda_Marsh\Amanda_Marsh_0001.jpg,Howard_Smith\Howard_Smith_0002.jpg,0
Jason_White\Jason_White_0001.jpg,Wolfgang_Clement\Wolfgang_Clement_0001.jpg,0
Jeong_Se-hyun\Jeong_Se-hyun_0004.jpg,Jeong_Se-hyun\Jeong_Se-hyun_0005.jpg,1
Ahmed_Ghazi\Ahmed_Ghazi_0001.jpg,Henry_Suazo\Henry_Suazo_0001.jpg,0
Theodore_Tweed_Roosevelt\Theodore_Tweed_Roosevelt_0002.jpg,Theodore_Tweed_Roosevelt\Theodore_Tweed_Roosevelt_0003.jpg,1
Dan_Bylsma\Dan_Bylsma_0001.jpg,Scott_Yates\Scott_Yates_0001.jpg,0
Jennifer_Thompson\Jennifer_Thompson_0001.jpg,Serge_Melac\Serge_Melac_0001.jpg,0
Leszek_Miller\Leszek_Miller_0002.jpg,Leszek_Miller\Leszek_Miller_0003.jpg,1
LK_Advani\LK_Advani_0002.jpg,LK_Advani\LK_Advani_0003.jpg,1
Gilberto_Rodriguez_Orejuela\Gilberto_Rodriguez_Orejuela_0002.jpg,Gilberto_Rodriguez_Orejuela\Gilberto_Rodriguez_Orejuela_0004.jpg,1
Allison_Searing\Allison_Searing_0001.jpg,Mark_Martin\Mark_Martin_0001.jpg,0
Elin_Nordegren\Elin_Nordegren_0002.jpg,Ghassan_Elashi\Ghassan_Elashi_0001.jpg,0
Kent_Robinson\Kent_Robinson_0001.jpg,Marquier_Montano_Contreras\Marquier_Montano_Contreras_0001.jpg,0
Frederick_Madden\Frederick_Madden_0001.jpg,Luis_Ernesto_Derbez_Bautista\Luis_Ernesto_Derbez_Bautista_0003.jpg,0
